numeric__RAM_GB,numeric__Storage_GB,numeric__Battery_mAh,numeric__Charging_W,numeric__Screen_Size_Inches,numeric__Resolution_Width,numeric__Resolution_Height,numeric__Refresh_Rate_Hz,numeric__Rear_Camera_MP,numeric__Front_Camera_MP,numeric__Processor_Speed_GHz,numeric__Cores,numeric__Has_3G,numeric__Has_4G,numeric__Has_5G,numeric__Has_VoLTE,numeric__Has_WiFi,numeric__Has_NFC,numeric__External_Memory_Supported,numeric__Android_Version,numeric__FM_Radio,numeric__Resolution_Megapixels,numeric__Total_Camera_MP,numeric__Battery_per_Screen_Inch,numeric__Storage_per_RAM_GB,numeric__Resolution_Aspect_Ratio,Price_Category_Encoded
12.0,256.0,6200.0,80.0,6.83,1272.0,2800.0,120.0,50.0,50.0,3.25,7.0,1.0,1.0,1.0,1.0,1.0,1.0,0.0,15.0,1.0,3.5616,100.0,907.7598828696925,21.333333333333332,0.4542857142857143,2
8.0,256.0,6000.0,80.0,6.59,1256.0,2760.0,120.0,50.0,50.0,3.35,7.0,1.0,1.0,1.0,1.0,1.0,1.0,0.0,15.0,1.0,3.46656,100.0,910.4704097116844,32.0,0.45507246376811594,2
12.0,256.0,7550.0,90.0,6.83,1280.0,2772.0,120.0,50.0,20.0,3.2,7.0,1.0,1.0,1.0,1.0,1.0,1.0,0.0,15.0,0.0,3.54816,70.0,1105.4172767203513,21.333333333333332,0.46176046176046176,2
12.0,256.0,6500.0,90.0,6.31,1216.0,2640.0,120.0,50.0,50.0,3.25,7.0,1.0,1.0,1.0,1.0,1.0,1.0,0.0,15.0,0.0,3.21024,100.0,1030.1109350237718,21.333333333333332,0.46060606060606063,2
4.0,128.0,6000.0,45.0,6.67,720.0,1604.0,120.0,50.0,8.0,2.4,7.0,1.0,1.0,1.0,1.0,1.0,0.0,1.0,15.0,0.0,1.15488,58.0,899.5502248875563,32.0,0.4488778054862843,0
8.0,128.0,5500.0,90.0,6.77,1080.0,2392.0,120.0,50.0,32.0,2.5,7.0,1.0,1.0,1.0,1.0,1.0,0.0,0.0,15.0,1.0,2.58336,82.0,812.4076809453471,16.0,0.451505016722408,1
12.0,256.0,7550.0,90.0,6.83,1280.0,2772.0,120.0,50.0,20.0,3.2,7.0,1.0,1.0,1.0,1.0,1.0,1.0,0.0,15.0,1.0,3.54816,70.0,1105.4172767203513,21.333333333333332,0.46176046176046176,1
4.0,128.0,6000.0,15.0,6.74,720.0,1600.0,90.0,50.0,5.0,2.4,7.0,1.0,1.0,1.0,1.0,1.0,0.0,1.0,15.0,0.0,1.152,55.0,890.2077151335311,32.0,0.45,0
12.0,256.0,6500.0,90.0,6.31,1216.0,2640.0,120.0,50.0,50.0,3.4,7.0,1.0,1.0,1.0,1.0,1.0,1.0,0.0,15.0,0.0,3.21024,100.0,1030.1109350237718,21.333333333333332,0.46060606060606063,2
6.0,128.0,5000.0,25.0,6.74,1080.0,2340.0,120.0,50.0,13.0,2.4,7.0,1.0,1.0,1.0,1.0,1.0,0.0,0.0,15.0,0.0,2.5272,63.0,741.8397626112759,21.333333333333332,0.46153846153846156,1
12.0,512.0,6200.0,80.0,6.83,1272.0,2800.0,120.0,50.0,50.0,3.25,7.0,1.0,1.0,1.0,1.0,1.0,1.0,0.0,15.0,1.0,3.5616,100.0,907.7598828696925,42.666666666666664,0.4542857142857143,2
8.0,256.0,5500.0,90.0,6.67,1260.0,2800.0,120.0,50.0,32.0,3.25,7.0,1.0,1.0,1.0,1.0,1.0,1.0,0.0,15.0,0.0,3.528,82.0,824.5877061469265,32.0,0.45,2
8.0,256.0,6000.0,90.0,6.7,1220.0,2712.0,120.0,50.0,50.0,3.35,7.0,1.0,1.0,1.0,1.0,1.0,1.0,0.0,15.0,1.0,3.30864,100.0,895.5223880597015,32.0,0.4498525073746313,2
12.0,256.0,5500.0,68.0,6.7,1220.0,2712.0,120.0,50.0,50.0,2.6,7.0,1.0,1.0,1.0,1.0,1.0,1.0,0.0,15.0,0.0,3.30864,100.0,820.8955223880597,21.333333333333332,0.4498525073746313,1
6.0,128.0,6500.0,44.0,6.72,1080.0,2408.0,120.0,50.0,8.0,2.5,7.0,1.0,1.0,1.0,1.0,1.0,0.0,0.0,15.0,0.0,2.60064,58.0,967.2619047619048,21.333333333333332,0.4485049833887043,0
12.0,256.0,5850.0,80.0,6.32,1216.0,2640.0,120.0,50.0,32.0,4.32,7.0,1.0,1.0,1.0,1.0,1.0,1.0,0.0,15.0,0.0,3.21024,82.0,925.632911392405,21.333333333333332,0.46060606060606063,2
12.0,256.0,5500.0,68.0,6.67,1080.0,2400.0,144.0,50.0,32.0,2.5,7.0,1.0,1.0,1.0,1.0,1.0,0.0,0.0,14.0,0.0,2.592,82.0,824.5877061469265,21.333333333333332,0.45,1
8.0,128.0,5150.0,65.0,6.7,1080.0,2400.0,120.0,50.0,32.0,3.2,7.0,1.0,1.0,1.0,1.0,1.0,1.0,0.0,15.0,1.0,2.592,82.0,768.6567164179104,16.0,0.45,2
8.0,128.0,7300.0,90.0,6.77,1080.0,2392.0,120.0,50.0,32.0,2.5,7.0,1.0,1.0,1.0,1.0,1.0,0.0,0.0,15.0,0.0,2.58336,82.0,1078.2865583456426,16.0,0.451505016722408,1
8.0,128.0,4700.0,25.0,6.7,1080.0,2340.0,120.0,50.0,10.0,3.11,7.0,1.0,1.0,1.0,1.0,1.0,1.0,0.0,14.0,0.0,2.5272,60.0,701.4925373134328,16.0,0.46153846153846156,2
8.0,256.0,7100.0,80.0,6.7,1080.0,2412.0,120.0,50.0,16.0,2.5,7.0,1.0,1.0,1.0,1.0,1.0,1.0,1.0,15.0,0.0,2.60496,66.0,1059.7014925373135,32.0,0.44776119402985076,1
12.0,512.0,7550.0,90.0,6.83,1280.0,2772.0,120.0,50.0,20.0,3.2,7.0,1.0,1.0,1.0,1.0,1.0,1.0,0.0,15.0,0.0,3.54816,70.0,1105.4172767203513,42.666666666666664,0.46176046176046176,2
8.0,256.0,5500.0,68.0,6.7,1220.0,2712.0,120.0,50.0,32.0,2.5,7.0,1.0,1.0,1.0,1.0,1.0,0.0,0.0,15.0,0.0,3.30864,82.0,820.8955223880597,32.0,0.4498525073746313,1
4.0,128.0,6000.0,15.0,6.74,720.0,1600.0,90.0,50.0,5.0,2.4,7.0,1.0,1.0,0.0,1.0,1.0,0.0,0.0,15.0,0.0,1.152,55.0,890.2077151335311,32.0,0.45,0
8.0,128.0,7000.0,120.0,6.78,1260.0,2800.0,144.0,50.0,32.0,3.2,7.0,1.0,1.0,1.0,1.0,1.0,1.0,0.0,15.0,1.0,3.528,82.0,1032.448377581121,16.0,0.45,2
8.0,256.0,10000.0,320.0,6.8,1264.0,2780.0,144.0,50.0,32.0,2.5,7.0,1.0,1.0,1.0,1.0,1.0,1.0,0.0,15.0,0.0,3.51392,82.0,1470.5882352941178,32.0,0.4546762589928058,2
8.0,128.0,5000.0,33.0,6.67,1080.0,2400.0,120.0,50.0,32.0,2.3,7.0,1.0,1.0,1.0,1.0,1.0,0.0,0.0,14.0,0.0,2.592,82.0,749.6251874062968,16.0,0.45,1
8.0,128.0,7000.0,80.0,6.67,1080.0,2400.0,120.0,50.0,16.0,2.3,7.0,1.0,1.0,1.0,1.0,1.0,0.0,0.0,15.0,1.0,2.592,66.0,1049.4752623688155,16.0,0.45,1
6.0,128.0,5000.0,18.0,6.75,720.0,1600.0,120.0,50.0,8.0,2.6,7.0,1.0,1.0,1.0,1.0,1.0,0.0,0.0,15.0,0.0,1.152,58.0,740.7407407407408,21.333333333333332,0.45,0
12.0,256.0,5000.0,120.0,6.67,1220.0,2712.0,120.0,200.0,16.0,2.8,7.0,1.0,1.0,1.0,1.0,1.0,1.0,0.0,13.0,0.0,3.30864,216.0,749.6251874062968,21.333333333333332,0.4498525073746313,1
8.0,256.0,5200.0,45.0,6.78,1080.0,2436.0,144.0,50.0,50.0,2.5,7.0,1.0,1.0,1.0,1.0,1.0,1.0,0.0,15.0,0.0,2.63088,100.0,766.9616519174041,32.0,0.4433497536945813,1
8.0,256.0,5500.0,45.0,6.67,1080.0,2400.0,120.0,50.0,12.0,2.5,7.0,1.0,1.0,1.0,1.0,1.0,1.0,0.0,16.0,0.0,2.592,62.0,824.5877061469265,32.0,0.45,2
8.0,256.0,4800.0,44.0,6.67,1080.0,2400.0,120.0,64.0,16.0,2.0,7.0,1.0,1.0,1.0,1.0,1.0,0.0,0.0,13.0,0.0,2.592,80.0,719.6401799100449,32.0,0.45,0
12.0,256.0,6500.0,90.0,6.67,1260.0,2800.0,120.0,50.0,50.0,2.8,7.0,1.0,1.0,1.0,1.0,1.0,1.0,0.0,15.0,1.0,3.528,100.0,974.512743628186,21.333333333333332,0.45,2
8.0,128.0,7000.0,100.0,6.57,1264.0,2780.0,144.0,50.0,50.0,3.0,7.0,1.0,1.0,1.0,1.0,1.0,1.0,0.0,15.0,1.0,3.51392,100.0,1065.4490106544902,16.0,0.4546762589928058,2
6.0,128.0,6000.0,45.0,6.4,720.0,1600.0,90.0,48.0,13.0,2.0,7.0,1.0,1.0,0.0,1.0,1.0,0.0,1.0,11.0,0.0,1.152,61.0,937.5,21.333333333333332,0.45,0
12.0,256.0,6000.0,80.0,6.59,1256.0,2760.0,120.0,50.0,50.0,3.35,7.0,1.0,1.0,1.0,1.0,1.0,1.0,0.0,15.0,1.0,3.46656,100.0,910.4704097116844,21.333333333333332,0.45507246376811594,2
8.0,128.0,5000.0,68.0,6.67,1080.0,2400.0,144.0,50.0,32.0,2.4,7.0,1.0,1.0,1.0,1.0,1.0,1.0,0.0,14.0,0.0,2.592,82.0,749.6251874062968,16.0,0.45,1
6.0,128.0,6000.0,45.0,6.67,1080.0,2400.0,120.0,50.0,16.0,2.3,7.0,1.0,1.0,1.0,1.0,1.0,1.0,0.0,15.0,1.0,2.592,66.0,899.5502248875563,21.333333333333332,0.45,1
8.0,128.0,7300.0,90.0,6.77,1080.0,2392.0,120.0,50.0,32.0,2.5,7.0,1.0,1.0,1.0,1.0,1.0,0.0,0.0,15.0,0.0,2.58336,82.0,1078.2865583456426,16.0,0.451505016722408,1
4.0,64.0,5000.0,15.0,6.67,720.0,1600.0,120.0,13.0,8.0,1.8,7.0,1.0,1.0,0.0,1.0,1.0,0.0,1.0,15.0,0.0,1.152,21.0,749.6251874062968,16.0,0.45,0
8.0,128.0,6000.0,90.0,6.77,1080.0,2392.0,120.0,50.0,50.0,2.63,7.0,1.0,1.0,1.0,1.0,1.0,0.0,0.0,15.0,0.0,2.58336,100.0,886.2629246676514,16.0,0.451505016722408,2
8.0,128.0,6000.0,80.0,6.83,1272.0,2800.0,120.0,50.0,16.0,2.5,7.0,1.0,1.0,1.0,1.0,1.0,0.0,0.0,15.0,1.0,3.5616,66.0,878.4773060029282,16.0,0.4542857142857143,1
12.0,256.0,5000.0,45.0,6.8,1440.0,3120.0,120.0,200.0,12.0,3.3,7.0,1.0,1.0,1.0,1.0,1.0,1.0,0.0,14.0,0.0,4.4928,212.0,735.2941176470589,21.333333333333332,0.46153846153846156,2
8.0,256.0,6500.0,100.0,6.82,1260.0,2800.0,144.0,50.0,50.0,2.5,7.0,1.0,1.0,1.0,1.0,1.0,0.0,0.0,16.0,0.0,3.528,100.0,953.0791788856304,32.0,0.45,2
6.0,128.0,6000.0,25.0,6.6,1080.0,2340.0,120.0,50.0,13.0,2.4,7.0,1.0,1.0,1.0,1.0,1.0,1.0,0.0,14.0,0.0,2.5272,63.0,909.0909090909091,21.333333333333332,0.46153846153846156,0
6.0,128.0,6500.0,44.0,6.72,1080.0,2408.0,120.0,50.0,8.0,2.5,7.0,1.0,1.0,1.0,1.0,1.0,0.0,0.0,15.0,1.0,2.60064,58.0,967.2619047619048,21.333333333333332,0.4485049833887043,0
6.0,128.0,6000.0,45.0,6.67,720.0,1604.0,120.0,50.0,8.0,2.4,7.0,1.0,1.0,1.0,1.0,1.0,0.0,1.0,15.0,0.0,1.15488,58.0,899.5502248875563,21.333333333333332,0.4488778054862843,0
12.0,256.0,5000.0,45.0,6.9,1800.0,3440.0,144.0,50.0,50.0,2.5,7.0,1.0,1.0,1.0,1.0,1.0,0.0,0.0,15.0,0.0,6.192,100.0,724.6376811594203,21.333333333333332,0.5232558139534884,2
4.0,128.0,6000.0,15.0,6.67,720.0,1604.0,120.0,32.0,8.0,2.4,7.0,1.0,1.0,1.0,1.0,1.0,0.0,0.0,15.0,0.0,1.15488,40.0,899.5502248875563,32.0,0.4488778054862843,0
8.0,256.0,5500.0,45.0,6.78,1224.0,2720.0,144.0,108.0,13.0,3.35,7.0,1.0,1.0,1.0,1.0,1.0,1.0,1.0,15.0,0.0,3.32928,121.0,811.2094395280236,32.0,0.45,1
8.0,128.0,6000.0,45.0,6.67,720.0,1604.0,120.0,50.0,8.0,2.4,7.0,1.0,1.0,1.0,1.0,1.0,0.0,1.0,15.0,0.0,1.15488,58.0,899.5502248875563,16.0,0.4488778054862843,0
6.0,128.0,5160.0,18.0,6.88,720.0,1640.0,120.0,50.0,8.0,2.2,7.0,1.0,1.0,1.0,1.0,1.0,0.0,1.0,14.0,0.0,1.1808,58.0,750.0,21.333333333333332,0.43902439024390244,0
8.0,128.0,5000.0,25.0,6.6,1080.0,2340.0,120.0,50.0,13.0,2.4,7.0,1.0,1.0,1.0,1.0,1.0,1.0,0.0,14.0,0.0,2.5272,63.0,757.5757575757576,16.0,0.46153846153846156,1
8.0,128.0,5500.0,80.0,6.67,1080.0,2400.0,120.0,50.0,16.0,2.2,7.0,1.0,1.0,1.0,1.0,1.0,0.0,0.0,14.0,0.0,2.592,66.0,824.5877061469265,16.0,0.45,1
8.0,128.0,6000.0,80.0,6.83,1272.0,2800.0,120.0,50.0,32.0,2.5,7.0,1.0,1.0,1.0,1.0,1.0,0.0,0.0,15.0,0.0,3.5616,82.0,878.4773060029282,16.0,0.4542857142857143,1
8.0,128.0,5500.0,45.0,6.78,1080.0,2436.0,144.0,64.0,13.0,2.5,7.0,1.0,1.0,1.0,1.0,1.0,0.0,0.0,15.0,0.0,2.63088,77.0,811.2094395280236,16.0,0.4433497536945813,1
8.0,128.0,5500.0,80.0,6.78,1260.0,2800.0,120.0,50.0,50.0,3.35,7.0,1.0,1.0,1.0,1.0,1.0,0.0,0.0,14.0,1.0,3.528,100.0,811.2094395280236,16.0,0.45,1
8.0,128.0,5000.0,20.0,6.5,720.0,1600.0,120.0,50.0,16.0,2.3,7.0,1.0,1.0,1.0,1.0,1.0,0.0,0.0,14.0,0.0,1.152,66.0,769.2307692307693,16.0,0.45,0
8.0,256.0,6550.0,90.0,6.67,1220.0,2712.0,120.0,50.0,20.0,3.25,7.0,1.0,1.0,1.0,1.0,1.0,1.0,0.0,15.0,1.0,3.30864,70.0,982.0089955022489,32.0,0.4498525073746313,1
8.0,128.0,5000.0,50.0,6.77,1080.0,2392.0,120.0,50.0,32.0,2.5,7.0,1.0,1.0,1.0,1.0,1.0,1.0,0.0,15.0,1.0,2.58336,82.0,738.5524372230428,16.0,0.451505016722408,1
12.0,256.0,5000.0,45.0,6.9,1440.0,3120.0,120.0,200.0,12.0,4.32,7.0,1.0,1.0,1.0,1.0,1.0,1.0,0.0,15.0,0.0,4.4928,212.0,724.6376811594203,21.333333333333332,0.46153846153846156,2
8.0,128.0,7500.0,100.0,6.67,1080.0,2400.0,120.0,50.0,32.0,2.5,7.0,1.0,1.0,1.0,1.0,1.0,0.0,0.0,16.0,0.0,2.592,82.0,1124.4377811094453,16.0,0.45,1
8.0,128.0,6000.0,15.0,6.74,720.0,1600.0,90.0,50.0,5.0,2.4,7.0,1.0,1.0,1.0,1.0,1.0,0.0,1.0,15.0,0.0,1.152,55.0,890.2077151335311,16.0,0.45,0
6.0,128.0,4500.0,25.0,6.71,1440.0,3200.0,120.0,64.0,10.0,2.96,7.0,1.0,1.0,1.0,1.0,1.0,1.0,1.0,11.0,0.0,4.608,74.0,670.6408345752608,21.333333333333332,0.45,2
8.0,128.0,5000.0,25.0,6.6,1080.0,2340.0,120.0,50.0,32.0,2.7,7.0,1.0,1.0,1.0,1.0,1.0,1.0,0.0,14.0,0.0,2.5272,82.0,757.5757575757576,16.0,0.46153846153846156,1
6.0,128.0,5110.0,45.0,6.67,1080.0,2400.0,120.0,50.0,20.0,2.5,7.0,1.0,1.0,1.0,1.0,1.0,1.0,0.0,14.0,0.0,2.592,70.0,766.1169415292354,21.333333333333332,0.45,1
12.0,256.0,6260.0,80.0,6.32,1216.0,2640.0,120.0,50.0,16.0,4.32,7.0,1.0,1.0,1.0,1.0,1.0,1.0,0.0,15.0,0.0,3.21024,66.0,990.506329113924,21.333333333333332,0.46060606060606063,2
8.0,256.0,4000.0,25.0,6.2,1080.0,2340.0,120.0,50.0,12.0,3.2,7.0,1.0,1.0,1.0,1.0,1.0,1.0,0.0,14.0,1.0,2.5272,62.0,645.1612903225806,32.0,0.46153846153846156,2
8.0,128.0,6400.0,80.0,6.78,1260.0,2800.0,144.0,50.0,32.0,3.0,7.0,1.0,1.0,1.0,1.0,1.0,0.0,0.0,15.0,1.0,3.528,82.0,943.952802359882,16.0,0.45,1
8.0,256.0,5000.0,80.0,6.7,1080.0,2412.0,120.0,50.0,32.0,2.5,7.0,1.0,1.0,1.0,1.0,1.0,0.0,0.0,14.0,0.0,2.60496,82.0,746.2686567164179,32.0,0.44776119402985076,1
6.0,128.0,6000.0,45.0,6.72,1080.0,2400.0,120.0,50.0,8.0,2.5,7.0,1.0,1.0,1.0,1.0,1.0,0.0,0.0,15.0,0.0,2.592,58.0,892.8571428571429,21.333333333333332,0.45,0
6.0,128.0,5000.0,45.0,6.67,1080.0,2400.0,120.0,50.0,16.0,2.5,7.0,1.0,1.0,1.0,1.0,1.0,0.0,0.0,14.0,0.0,2.592,66.0,749.6251874062968,21.333333333333332,0.45,0
8.0,128.0,7000.0,80.0,6.67,1080.0,2400.0,120.0,50.0,16.0,2.3,7.0,1.0,1.0,1.0,1.0,1.0,1.0,0.0,15.0,1.0,2.592,66.0,1049.4752623688155,16.0,0.45,0
8.0,256.0,6000.0,15.0,6.74,720.0,1600.0,90.0,50.0,5.0,2.4,7.0,1.0,1.0,0.0,1.0,1.0,0.0,0.0,15.0,0.0,1.152,55.0,890.2077151335311,32.0,0.45,0
16.0,512.0,5700.0,100.0,6.8,1276.0,2848.0,120.0,50.0,13.0,2.5,7.0,1.0,1.0,1.0,1.0,1.0,1.0,0.0,5.1,1.0,3.634048,63.0,838.2352941176471,32.0,0.44803370786516855,2
8.0,128.0,3561.0,45.0,6.1,1179.0,2556.0,120.0,48.0,12.0,4.04,7.0,1.0,1.0,1.0,1.0,1.0,1.0,0.0,18.0,0.0,3.013524,60.0,583.7704918032787,16.0,0.4612676056338028,2
8.0,256.0,5000.0,65.0,6.78,1080.0,2436.0,144.0,50.0,50.0,2.8,7.0,1.0,1.0,1.0,1.0,1.0,1.0,1.0,15.0,0.0,2.63088,100.0,737.4631268436578,32.0,0.4433497536945813,1
12.0,256.0,6000.0,80.0,6.78,1264.0,2780.0,120.0,50.0,16.0,3.3,7.0,1.0,1.0,1.0,1.0,1.0,1.0,0.0,15.0,0.0,3.51392,66.0,884.9557522123894,21.333333333333332,0.4546762589928058,2
8.0,128.0,5500.0,100.0,6.7,1080.0,2412.0,120.0,50.0,16.0,2.63,7.0,1.0,1.0,1.0,1.0,1.0,0.0,0.0,14.0,0.0,2.60496,66.0,820.8955223880597,16.0,0.44776119402985076,1
8.0,256.0,5000.0,68.0,6.7,1220.0,2712.0,120.0,50.0,32.0,2.4,7.0,1.0,1.0,1.0,1.0,1.0,1.0,1.0,15.0,0.0,3.30864,82.0,746.2686567164179,32.0,0.4498525073746313,1
8.0,256.0,6500.0,44.0,6.72,1080.0,2408.0,120.0,50.0,8.0,2.5,7.0,1.0,1.0,1.0,1.0,1.0,0.0,0.0,15.0,0.0,2.60064,58.0,967.2619047619048,32.0,0.4485049833887043,1
8.0,128.0,5600.0,80.0,6.59,1256.0,2760.0,120.0,50.0,50.0,3.35,7.0,1.0,1.0,1.0,1.0,1.0,1.0,0.0,15.0,1.0,3.46656,100.0,849.7723823975721,16.0,0.45507246376811594,2
12.0,256.0,5700.0,120.0,6.7,1080.0,2412.0,144.0,50.0,50.0,2.5,7.0,1.0,1.0,1.0,1.0,1.0,0.0,0.0,15.0,0.0,2.60496,100.0,850.7462686567164,21.333333333333332,0.44776119402985076,2
8.0,128.0,5500.0,45.0,6.67,1220.0,2712.0,120.0,50.0,20.0,2.5,7.0,1.0,1.0,1.0,1.0,1.0,1.0,0.0,14.0,1.0,3.30864,70.0,824.5877061469265,16.0,0.4498525073746313,1
8.0,128.0,5000.0,25.0,6.7,1080.0,2340.0,90.0,50.0,13.0,2.4,7.0,1.0,1.0,1.0,1.0,1.0,1.0,0.0,15.0,0.0,2.5272,63.0,746.2686567164179,16.0,0.46153846153846156,0
8.0,128.0,5000.0,45.0,6.7,1080.0,2400.0,120.0,50.0,50.0,2.4,7.0,1.0,1.0,1.0,1.0,1.0,1.0,0.0,14.0,0.0,2.592,100.0,746.2686567164179,16.0,0.45,1
12.0,512.0,6000.0,150.0,6.84,1260.0,2880.0,165.0,50.0,50.0,2.5,7.0,1.0,1.0,1.0,1.0,1.0,1.0,0.0,15.0,1.0,3.6288,100.0,877.1929824561404,42.666666666666664,0.4375,2
8.0,256.0,5500.0,90.0,6.77,1080.0,2392.0,120.0,50.0,32.0,2.5,7.0,1.0,1.0,1.0,1.0,1.0,0.0,0.0,15.0,1.0,2.58336,82.0,812.4076809453471,32.0,0.451505016722408,1
4.0,64.0,6000.0,15.0,6.5,720.0,1600.0,90.0,48.0,8.0,2.0,7.0,1.0,1.0,0.0,1.0,1.0,0.0,1.0,11.0,0.0,1.152,56.0,923.0769230769231,16.0,0.45,0
6.0,128.0,6000.0,15.0,6.74,720.0,1600.0,90.0,50.0,5.0,2.4,7.0,1.0,1.0,1.0,1.0,1.0,0.0,1.0,15.0,0.0,1.152,55.0,890.2077151335311,21.333333333333332,0.45,0
6.0,128.0,5030.0,33.0,6.79,1080.0,2460.0,120.0,108.0,13.0,2.3,7.0,1.0,1.0,1.0,1.0,1.0,0.0,0.0,14.0,0.0,2.6568,121.0,740.7952871870398,21.333333333333332,0.43902439024390244,0
8.0,128.0,6200.0,90.0,6.67,1220.0,2712.0,120.0,50.0,20.0,2.5,7.0,1.0,1.0,1.0,1.0,1.0,1.0,0.0,14.0,0.0,3.30864,70.0,929.5352323838081,16.0,0.4498525073746313,1
8.0,128.0,5500.0,100.0,6.74,1240.0,2772.0,120.0,50.0,16.0,2.8,7.0,1.0,1.0,1.0,1.0,1.0,1.0,0.0,14.0,1.0,3.43728,66.0,816.0237388724036,16.0,0.44733044733044736,1
6.0,128.0,3349.0,45.0,6.1,1179.0,2556.0,120.0,48.0,12.0,3.46,7.0,1.0,1.0,1.0,1.0,1.0,1.0,0.0,17.0,0.0,3.013524,60.0,549.016393442623,21.333333333333332,0.4612676056338028,2
8.0,256.0,6000.0,80.0,6.74,1220.0,2712.0,120.0,50.0,32.0,2.5,7.0,1.0,1.0,1.0,1.0,1.0,0.0,0.0,16.0,1.0,3.30864,82.0,890.2077151335311,32.0,0.4498525073746313,1
8.0,256.0,7000.0,120.0,6.78,1264.0,2780.0,120.0,50.0,32.0,3.4,7.0,1.0,1.0,1.0,1.0,1.0,1.0,0.0,15.0,0.0,3.51392,82.0,1032.448377581121,32.0,0.4546762589928058,2
12.0,256.0,6000.0,90.0,6.82,1440.0,3168.0,120.0,200.0,50.0,4.32,7.0,1.0,1.0,1.0,1.0,1.0,1.0,0.0,15.0,1.0,4.56192,250.0,879.7653958944281,21.333333333333332,0.45454545454545453,2
8.0,128.0,6000.0,33.0,6.5,1080.0,2400.0,120.0,50.0,16.0,2.5,7.0,1.0,1.0,1.0,1.0,1.0,0.0,0.0,14.0,0.0,2.592,66.0,923.0769230769231,16.0,0.45,0
8.0,256.0,5500.0,80.0,6.78,1260.0,2800.0,120.0,50.0,50.0,3.35,7.0,1.0,1.0,1.0,1.0,1.0,0.0,0.0,14.0,0.0,3.528,100.0,811.2094395280236,32.0,0.45,2
12.0,256.0,6000.0,120.0,6.82,1440.0,3168.0,144.0,50.0,32.0,4.32,7.0,1.0,1.0,1.0,1.0,1.0,1.0,0.0,15.0,1.0,4.56192,82.0,879.7653958944281,21.333333333333332,0.45454545454545453,2
8.0,128.0,5000.0,33.0,6.77,1080.0,2392.0,120.0,50.0,16.0,2.5,7.0,1.0,1.0,1.0,1.0,1.0,0.0,0.0,15.0,0.0,2.58336,66.0,738.5524372230428,16.0,0.451505016722408,1
6.0,128.0,5110.0,45.0,6.67,1080.0,2400.0,120.0,50.0,20.0,2.5,7.0,1.0,1.0,1.0,1.0,1.0,0.0,0.0,14.0,0.0,2.592,70.0,766.1169415292354,21.333333333333332,0.45,0
8.0,128.0,5000.0,66.0,6.8,1080.0,2400.0,144.0,108.0,32.0,2.2,7.0,1.0,1.0,1.0,1.0,1.0,0.0,1.0,14.0,0.0,2.592,140.0,735.2941176470589,16.0,0.45,1
8.0,128.0,5000.0,45.0,6.7,1080.0,2340.0,120.0,50.0,12.0,2.9,7.0,1.0,1.0,1.0,1.0,1.0,1.0,0.0,15.0,1.0,2.5272,62.0,746.2686567164179,16.0,0.46153846153846156,2
8.0,128.0,6500.0,44.0,6.72,1080.0,2408.0,120.0,50.0,8.0,2.5,7.0,1.0,1.0,1.0,1.0,1.0,0.0,0.0,15.0,0.0,2.60064,58.0,967.2619047619048,16.0,0.4485049833887043,0
16.0,512.0,6000.0,90.0,6.7,1220.0,2712.0,120.0,50.0,50.0,3.35,7.0,1.0,1.0,1.0,1.0,1.0,1.0,0.0,15.0,1.0,3.30864,100.0,895.5223880597015,32.0,0.4498525073746313,2
8.0,256.0,5700.0,100.0,6.8,1260.0,2800.0,144.0,50.0,50.0,3.25,7.0,1.0,1.0,1.0,1.0,1.0,0.0,0.0,15.0,0.0,3.528,100.0,838.2352941176471,32.0,0.45,2
8.0,128.0,5500.0,44.0,6.77,1080.0,2392.0,120.0,50.0,16.0,2.5,7.0,1.0,1.0,1.0,1.0,1.0,0.0,0.0,14.0,0.0,2.58336,66.0,812.4076809453471,16.0,0.451505016722408,1
8.0,256.0,5200.0,80.0,6.7,1080.0,2412.0,120.0,50.0,32.0,2.4,7.0,1.0,1.0,1.0,1.0,1.0,0.0,0.0,14.0,0.0,2.60496,82.0,776.1194029850747,32.0,0.44776119402985076,1
8.0,128.0,7300.0,100.0,6.7,1080.0,2400.0,120.0,50.0,32.0,2.5,7.0,1.0,1.0,1.0,1.0,1.0,0.0,0.0,15.0,1.0,2.592,82.0,1089.55223880597,16.0,0.45,1
12.0,256.0,4600.0,80.0,6.7,1080.0,2412.0,120.0,50.0,32.0,3.1,7.0,1.0,1.0,1.0,1.0,1.0,1.0,0.0,14.0,1.0,2.60496,82.0,686.5671641791045,21.333333333333332,0.44776119402985076,1
12.0,256.0,6500.0,120.0,6.82,1440.0,3168.0,144.0,50.0,50.0,2.5,7.0,1.0,1.0,1.0,1.0,1.0,1.0,0.0,15.0,0.0,4.56192,100.0,953.0791788856304,21.333333333333332,0.45454545454545453,2
6.0,128.0,5500.0,45.0,6.67,720.0,1600.0,120.0,50.0,8.0,2.5,7.0,1.0,1.0,1.0,1.0,1.0,0.0,0.0,15.0,0.0,1.152,58.0,824.5877061469265,21.333333333333332,0.45,0
12.0,256.0,5000.0,33.0,6.67,1080.0,2400.0,120.0,50.0,32.0,2.3,7.0,1.0,1.0,1.0,1.0,1.0,0.0,0.0,14.0,0.0,2.592,82.0,749.6251874062968,21.333333333333332,0.45,1
12.0,256.0,5500.0,68.0,6.7,1220.0,2712.0,120.0,50.0,32.0,2.5,7.0,1.0,1.0,1.0,1.0,1.0,0.0,0.0,15.0,0.0,3.30864,82.0,820.8955223880597,21.333333333333332,0.4498525073746313,1
4.0,128.0,6000.0,15.0,6.5,720.0,1600.0,90.0,48.0,8.0,2.0,7.0,1.0,1.0,0.0,1.0,1.0,0.0,1.0,11.0,0.0,1.152,56.0,923.0769230769231,32.0,0.45,0
8.0,128.0,5000.0,33.0,6.78,2400.0,1200.0,120.0,50.0,16.0,2.5,7.0,1.0,1.0,1.0,1.0,1.0,0.0,1.0,15.0,0.0,2.88,66.0,737.4631268436578,16.0,2.0,0
8.0,256.0,4685.0,45.0,6.9,1320.0,2868.0,120.0,48.0,12.0,4.05,7.0,1.0,1.0,1.0,1.0,1.0,1.0,0.0,18.0,0.0,3.78576,60.0,678.9855072463768,32.0,0.4602510460251046,2
8.0,256.0,7000.0,80.0,6.67,1080.0,2400.0,120.0,50.0,16.0,2.3,7.0,1.0,1.0,1.0,1.0,1.0,0.0,0.0,15.0,1.0,2.592,66.0,1049.4752623688155,32.0,0.45,1
12.0,256.0,7000.0,120.0,6.78,1260.0,2800.0,144.0,50.0,32.0,3.2,7.0,1.0,1.0,1.0,1.0,1.0,1.0,0.0,15.0,1.0,3.528,82.0,1032.448377581121,21.333333333333332,0.45,2
6.0,128.0,5500.0,45.0,6.78,1080.0,2436.0,144.0,64.0,13.0,2.5,7.0,1.0,1.0,1.0,1.0,1.0,0.0,0.0,15.0,0.0,2.63088,77.0,811.2094395280236,21.333333333333332,0.4433497536945813,0
6.0,128.0,5000.0,25.0,6.74,1080.0,2340.0,120.0,50.0,32.0,2.5,7.0,1.0,1.0,1.0,1.0,1.0,1.0,0.0,15.0,0.0,2.5272,82.0,741.8397626112759,21.333333333333332,0.46153846153846156,1
8.0,256.0,6500.0,100.0,6.7,1220.0,2712.0,120.0,50.0,50.0,2.5,7.0,1.0,1.0,1.0,1.0,1.0,1.0,0.0,15.0,1.0,3.30864,100.0,970.1492537313433,32.0,0.4498525073746313,2
12.0,256.0,6000.0,100.0,6.82,1440.0,3168.0,120.0,50.0,32.0,4.32,7.0,1.0,1.0,1.0,1.0,1.0,1.0,0.0,15.0,0.0,4.56192,82.0,879.7653958944281,21.333333333333332,0.45454545454545453,2
12.0,256.0,7000.0,120.0,6.78,1260.0,2800.0,120.0,50.0,16.0,3.2,7.0,1.0,1.0,1.0,1.0,1.0,1.0,0.0,15.0,1.0,3.528,66.0,1032.448377581121,21.333333333333332,0.45,1
4.0,64.0,5000.0,45.0,6.75,720.0,1600.0,120.0,50.0,5.0,2.5,7.0,1.0,1.0,1.0,1.0,1.0,0.0,1.0,15.0,0.0,1.152,55.0,740.7407407407408,16.0,0.45,0
8.0,128.0,5000.0,45.0,6.7,1080.0,2400.0,120.0,50.0,50.0,2.4,7.0,1.0,1.0,1.0,1.0,1.0,1.0,0.0,14.0,0.0,2.592,100.0,746.2686567164179,16.0,0.45,1
8.0,256.0,4700.0,67.0,6.55,1236.0,2750.0,120.0,50.0,16.0,3.0,7.0,1.0,1.0,1.0,1.0,1.0,1.0,0.0,14.0,1.0,3.399,66.0,717.557251908397,32.0,0.44945454545454544,2
8.0,256.0,5500.0,120.0,6.78,1264.0,2780.0,120.0,50.0,32.0,3.0,7.0,1.0,1.0,1.0,1.0,1.0,1.0,0.0,14.0,0.0,3.51392,82.0,811.2094395280236,32.0,0.4546762589928058,1
12.0,256.0,4000.0,25.0,6.2,1080.0,2340.0,120.0,50.0,12.0,4.47,7.0,1.0,1.0,1.0,1.0,1.0,1.0,0.0,15.0,1.0,2.5272,62.0,645.1612903225806,21.333333333333332,0.46153846153846156,2
8.0,128.0,5000.0,50.0,6.77,1080.0,2392.0,120.0,50.0,50.0,2.5,7.0,1.0,1.0,1.0,1.0,1.0,1.0,0.0,15.0,0.0,2.58336,100.0,738.5524372230428,16.0,0.451505016722408,1
4.0,128.0,5000.0,20.0,6.5,720.0,1600.0,120.0,50.0,16.0,2.3,7.0,1.0,1.0,1.0,1.0,1.0,0.0,0.0,14.0,0.0,1.152,66.0,769.2307692307693,32.0,0.45,0
8.0,128.0,5000.0,80.0,6.67,1080.0,2400.0,120.0,50.0,16.0,2.5,7.0,1.0,1.0,1.0,1.0,1.0,1.0,0.0,14.0,0.0,2.592,66.0,749.6251874062968,16.0,0.45,1
8.0,128.0,5000.0,25.0,6.7,1080.0,2340.0,90.0,50.0,13.0,2.4,7.0,1.0,1.0,1.0,1.0,1.0,1.0,0.0,14.0,0.0,2.5272,63.0,746.2686567164179,16.0,0.46153846153846156,1
12.0,256.0,6000.0,90.0,6.7,1220.0,2712.0,120.0,50.0,50.0,3.35,7.0,1.0,1.0,1.0,1.0,1.0,1.0,0.0,15.0,1.0,3.30864,100.0,895.5223880597015,21.333333333333332,0.4498525073746313,2
6.0,128.0,6000.0,15.0,6.74,720.0,1600.0,90.0,50.0,5.0,2.4,7.0,1.0,1.0,0.0,1.0,1.0,0.0,0.0,15.0,0.0,1.152,55.0,890.2077151335311,21.333333333333332,0.45,0
8.0,128.0,5000.0,45.0,6.67,1080.0,2400.0,120.0,50.0,16.0,2.5,7.0,1.0,1.0,1.0,1.0,1.0,0.0,0.0,14.0,0.0,2.592,66.0,749.6251874062968,16.0,0.45,0
12.0,256.0,6000.0,90.0,6.67,1440.0,3200.0,120.0,50.0,20.0,3.3,7.0,1.0,1.0,1.0,1.0,1.0,1.0,0.0,15.0,1.0,4.608,70.0,899.5502248875563,21.333333333333332,0.45,2
8.0,256.0,5000.0,90.0,6.67,1220.0,2712.0,120.0,50.0,20.0,3.0,7.0,1.0,1.0,1.0,1.0,1.0,1.0,0.0,14.0,0.0,3.30864,70.0,749.6251874062968,32.0,0.4498525073746313,1
8.0,128.0,5500.0,45.0,6.67,1220.0,2712.0,120.0,50.0,20.0,2.5,7.0,1.0,1.0,1.0,1.0,1.0,1.0,0.0,14.0,1.0,3.30864,70.0,824.5877061469265,16.0,0.4498525073746313,1
6.0,128.0,6000.0,15.0,6.67,720.0,1604.0,120.0,32.0,8.0,2.4,7.0,1.0,1.0,1.0,1.0,1.0,0.0,0.0,15.0,0.0,1.15488,40.0,899.5502248875563,21.333333333333332,0.4488778054862843,0
16.0,512.0,6000.0,80.0,6.78,1264.0,2780.0,120.0,50.0,16.0,3.3,7.0,1.0,1.0,1.0,1.0,1.0,1.0,0.0,15.0,0.0,3.51392,66.0,884.9557522123894,32.0,0.4546762589928058,2
8.0,256.0,5500.0,100.0,6.74,1240.0,2772.0,120.0,50.0,16.0,2.8,7.0,1.0,1.0,1.0,1.0,1.0,1.0,0.0,14.0,1.0,3.43728,66.0,816.0237388724036,32.0,0.44733044733044736,1
4.0,128.0,5100.0,45.0,6.67,720.0,1612.0,120.0,50.0,8.0,2.5,7.0,1.0,1.0,1.0,1.0,1.0,1.0,1.0,15.0,0.0,1.16064,58.0,764.6176911544228,32.0,0.4466501240694789,0
8.0,256.0,5000.0,18.0,6.75,720.0,1600.0,120.0,50.0,8.0,2.6,7.0,1.0,1.0,1.0,1.0,1.0,0.0,0.0,15.0,0.0,1.152,58.0,740.7407407407408,32.0,0.45,0
8.0,128.0,6000.0,80.0,6.83,1272.0,2800.0,120.0,50.0,16.0,3.35,7.0,1.0,1.0,1.0,1.0,1.0,0.0,0.0,15.0,0.0,3.5616,66.0,878.4773060029282,16.0,0.4542857142857143,1
8.0,256.0,6000.0,80.0,6.82,1080.0,2400.0,144.0,108.0,32.0,2.5,7.0,1.0,1.0,1.0,1.0,1.0,0.0,1.0,14.0,0.0,2.592,140.0,879.7653958944281,32.0,0.45,1
16.0,512.0,6000.0,90.0,6.78,1260.0,2800.0,120.0,200.0,32.0,3.63,7.0,1.0,1.0,1.0,1.0,1.0,1.0,0.0,15.0,0.0,3.528,232.0,884.9557522123894,32.0,0.45,2
8.0,256.0,4310.0,68.0,6.4,1220.0,2712.0,120.0,50.0,32.0,2.5,7.0,1.0,1.0,1.0,1.0,1.0,1.0,0.0,14.0,1.0,3.30864,82.0,673.4375,32.0,0.4498525073746313,1
8.0,128.0,5000.0,45.0,6.7,1080.0,2340.0,120.0,50.0,12.0,2.4,7.0,1.0,1.0,1.0,1.0,1.0,1.0,0.0,15.0,1.0,2.5272,62.0,746.2686567164179,16.0,0.46153846153846156,2
8.0,128.0,6000.0,80.0,6.7,1080.0,2412.0,120.0,50.0,16.0,2.5,7.0,1.0,1.0,1.0,1.0,1.0,0.0,0.0,14.0,1.0,2.60496,66.0,895.5223880597015,16.0,0.44776119402985076,1
12.0,256.0,5200.0,100.0,6.78,1080.0,2436.0,144.0,50.0,32.0,3.35,7.0,1.0,1.0,1.0,1.0,1.0,1.0,0.0,15.0,0.0,2.63088,82.0,766.9616519174041,21.333333333333332,0.4433497536945813,2
4.0,64.0,5160.0,18.0,6.88,720.0,1640.0,120.0,50.0,5.0,2.0,7.0,1.0,1.0,1.0,1.0,1.0,0.0,1.0,14.0,0.0,1.1808,55.0,750.0,16.0,0.43902439024390244,0
8.0,256.0,7300.0,90.0,6.77,1080.0,2392.0,120.0,50.0,32.0,2.5,7.0,1.0,1.0,1.0,1.0,1.0,0.0,0.0,15.0,0.0,2.58336,82.0,1078.2865583456426,32.0,0.451505016722408,1
8.0,256.0,5110.0,45.0,6.67,1080.0,2400.0,120.0,50.0,20.0,2.5,7.0,1.0,1.0,1.0,1.0,1.0,1.0,0.0,14.0,0.0,2.592,70.0,766.1169415292354,32.0,0.45,1
4.0,128.0,5000.0,18.0,6.72,1080.0,2400.0,120.0,50.0,16.0,2.2,7.0,1.0,1.0,1.0,1.0,1.0,0.0,0.0,14.0,0.0,2.592,66.0,744.047619047619,32.0,0.45,0
8.0,256.0,5000.0,50.0,6.7,1084.0,2412.0,120.0,50.0,50.0,3.0,7.0,1.0,1.0,1.0,1.0,1.0,1.0,0.0,14.0,1.0,2.614608,100.0,746.2686567164179,32.0,0.4494195688225539,1
6.0,128.0,6000.0,45.0,6.72,1080.0,2400.0,120.0,50.0,8.0,2.5,7.0,1.0,1.0,1.0,1.0,1.0,0.0,0.0,15.0,0.0,2.592,58.0,892.8571428571429,21.333333333333332,0.45,0
8.0,128.0,5500.0,80.0,6.77,1080.0,2392.0,120.0,50.0,16.0,2.63,7.0,1.0,1.0,1.0,1.0,1.0,0.0,0.0,14.0,0.0,2.58336,66.0,812.4076809453471,16.0,0.451505016722408,1
12.0,256.0,4900.0,45.0,6.7,1440.0,3120.0,120.0,50.0,12.0,3.2,7.0,1.0,1.0,1.0,1.0,1.0,1.0,0.0,14.0,1.0,4.4928,62.0,731.3432835820895,21.333333333333332,0.46153846153846156,2
4.0,128.0,3240.0,45.0,6.1,1170.0,2532.0,120.0,12.0,12.0,3.22,7.0,1.0,1.0,1.0,1.0,1.0,1.0,0.0,15.0,0.0,2.96244,24.0,531.1475409836066,32.0,0.46208530805687204,2
8.0,128.0,5500.0,80.0,6.77,1080.0,2392.0,120.0,50.0,50.0,2.5,7.0,1.0,1.0,1.0,1.0,1.0,0.0,0.0,14.0,1.0,2.58336,100.0,812.4076809453471,16.0,0.451505016722408,1
6.0,128.0,5030.0,33.0,6.79,1080.0,2460.0,120.0,108.0,13.0,2.3,7.0,1.0,1.0,1.0,1.0,1.0,0.0,0.0,14.0,0.0,2.6568,121.0,740.7952871870398,21.333333333333332,0.43902439024390244,0
12.0,256.0,5000.0,80.0,6.7,1080.0,2412.0,120.0,50.0,50.0,2.5,7.0,1.0,1.0,1.0,1.0,1.0,1.0,0.0,14.0,0.0,2.60496,100.0,746.2686567164179,21.333333333333332,0.44776119402985076,1
16.0,512.0,5000.0,120.0,6.73,1080.0,2448.0,165.0,50.0,32.0,2.5,7.0,1.0,1.0,1.0,1.0,1.0,1.0,0.0,13.0,0.0,2.64384,82.0,742.9420505200594,32.0,0.4411764705882353,2
12.0,256.0,5500.0,45.0,6.78,1224.0,2720.0,144.0,108.0,13.0,3.35,7.0,1.0,1.0,1.0,1.0,1.0,1.0,1.0,15.0,0.0,3.32928,121.0,811.2094395280236,21.333333333333332,0.45,1
8.0,256.0,5500.0,120.0,6.78,1080.0,2412.0,120.0,50.0,50.0,2.5,7.0,1.0,1.0,1.0,1.0,1.0,0.0,0.0,16.0,0.0,2.60496,100.0,811.2094395280236,32.0,0.44776119402985076,1
6.0,128.0,5160.0,18.0,6.88,720.0,1640.0,120.0,50.0,5.0,2.0,7.0,1.0,1.0,1.0,1.0,1.0,0.0,1.0,14.0,0.0,1.1808,55.0,750.0,21.333333333333332,0.43902439024390244,0
4.0,128.0,5800.0,25.0,6.7,720.0,1600.0,90.0,50.0,8.0,2.4,7.0,1.0,1.0,1.0,1.0,1.0,0.0,1.0,15.0,0.0,1.152,58.0,865.6716417910447,32.0,0.45,0
12.0,256.0,6550.0,90.0,6.67,1220.0,2712.0,120.0,50.0,20.0,3.25,7.0,1.0,1.0,1.0,1.0,1.0,1.0,0.0,15.0,1.0,3.30864,70.0,982.0089955022489,21.333333333333332,0.4498525073746313,1
12.0,256.0,5000.0,18.0,6.78,1080.0,2406.0,120.0,108.0,8.0,2.4,7.0,1.0,1.0,1.0,1.0,1.0,1.0,1.0,14.0,0.0,2.59848,116.0,737.4631268436578,21.333333333333332,0.4488778054862843,0
8.0,256.0,6000.0,45.0,6.67,1080.0,2400.0,120.0,50.0,16.0,2.3,7.0,1.0,1.0,1.0,1.0,1.0,1.0,0.0,15.0,1.0,2.592,66.0,899.5502248875563,32.0,0.45,1
12.0,256.0,5800.0,80.0,6.83,1272.0,2800.0,120.0,50.0,50.0,3.35,7.0,1.0,1.0,1.0,1.0,1.0,1.0,0.0,15.0,1.0,3.5616,100.0,849.194729136164,21.333333333333332,0.4542857142857143,2
8.0,128.0,5000.0,45.0,6.7,1084.0,2412.0,120.0,50.0,32.0,2.8,7.0,1.0,1.0,1.0,1.0,1.0,1.0,0.0,14.0,1.0,2.614608,82.0,746.2686567164179,16.0,0.4494195688225539,1
4.0,128.0,6000.0,44.0,6.72,1080.0,2408.0,120.0,50.0,8.0,2.2,7.0,1.0,1.0,1.0,1.0,1.0,0.0,0.0,14.0,0.0,2.60064,58.0,892.8571428571429,32.0,0.4485049833887043,0
8.0,256.0,7000.0,120.0,6.78,1260.0,2800.0,144.0,50.0,32.0,3.2,7.0,1.0,1.0,1.0,1.0,1.0,1.0,0.0,15.0,1.0,3.528,82.0,1032.448377581121,32.0,0.45,2
6.0,128.0,5000.0,25.0,6.7,1080.0,2340.0,90.0,50.0,13.0,2.4,7.0,1.0,1.0,1.0,1.0,1.0,1.0,0.0,15.0,0.0,2.5272,63.0,746.2686567164179,21.333333333333332,0.46153846153846156,0
8.0,128.0,4005.0,45.0,6.1,1170.0,2532.0,120.0,48.0,12.0,4.04,7.0,1.0,1.0,1.0,1.0,1.0,1.0,0.0,18.0,0.0,2.96244,60.0,656.5573770491803,16.0,0.46208530805687204,2
4.0,64.0,5160.0,18.0,6.88,720.0,1650.0,120.0,50.0,5.0,2.0,7.0,1.0,1.0,1.0,1.0,1.0,0.0,1.0,14.0,0.0,1.188,55.0,750.0,16.0,0.43636363636363634,0
8.0,128.0,5800.0,45.0,6.67,720.0,1604.0,120.0,50.0,8.0,2.4,7.0,1.0,1.0,1.0,1.0,1.0,0.0,0.0,15.0,1.0,1.15488,58.0,869.5652173913044,16.0,0.4488778054862843,1
8.0,256.0,4700.0,25.0,6.7,1080.0,2340.0,120.0,50.0,10.0,3.11,7.0,1.0,1.0,1.0,1.0,1.0,1.0,0.0,14.0,0.0,2.5272,60.0,701.4925373134328,32.0,0.46153846153846156,2
8.0,256.0,4700.0,80.0,6.67,1220.0,2712.0,120.0,50.0,32.0,2.5,7.0,1.0,1.0,1.0,1.0,1.0,1.0,0.0,15.0,1.0,3.30864,82.0,704.6476761619191,32.0,0.4498525073746313,1
8.0,128.0,5000.0,80.0,6.67,1080.0,2400.0,120.0,50.0,32.0,2.2,7.0,1.0,1.0,1.0,1.0,1.0,0.0,0.0,14.0,0.0,2.592,82.0,749.6251874062968,16.0,0.45,1
12.0,256.0,4400.0,25.0,8.2,2224.0,2488.0,120.0,200.0,16.0,4.32,7.0,1.0,1.0,1.0,1.0,1.0,1.0,0.0,15.0,0.0,5.533312,216.0,536.5853658536586,21.333333333333332,0.8938906752411575,2
8.0,256.0,5000.0,67.0,6.7,1080.0,2412.0,120.0,64.0,8.0,2.6,7.0,1.0,1.0,1.0,1.0,1.0,0.0,0.0,14.0,1.0,2.60496,72.0,746.2686567164179,32.0,0.44776119402985076,1
16.0,512.0,5410.0,90.0,6.73,1440.0,3200.0,120.0,50.0,32.0,4.32,7.0,1.0,1.0,1.0,1.0,1.0,1.0,0.0,15.0,0.0,4.608,82.0,803.8632986627042,32.0,0.45,2
8.0,128.0,6700.0,67.0,6.82,1080.0,2408.0,120.0,50.0,32.0,2.5,7.0,1.0,1.0,1.0,1.0,1.0,0.0,0.0,16.0,0.0,2.60064,82.0,982.4046920821114,16.0,0.4485049833887043,1
8.0,128.0,5600.0,90.0,6.77,1080.0,2392.0,120.0,50.0,50.0,2.5,7.0,1.0,1.0,1.0,1.0,1.0,0.0,0.0,15.0,0.0,2.58336,100.0,827.178729689808,16.0,0.451505016722408,1
8.0,256.0,5200.0,30.0,6.72,1080.0,2400.0,120.0,50.0,32.0,2.6,7.0,1.0,1.0,1.0,1.0,1.0,0.0,0.0,15.0,0.0,2.592,82.0,773.8095238095239,32.0,0.45,1
4.0,128.0,5000.0,25.0,6.74,720.0,1600.0,90.0,50.0,8.0,2.4,7.0,1.0,1.0,1.0,1.0,1.0,0.0,0.0,15.0,0.0,1.152,58.0,741.8397626112759,32.0,0.45,0
12.0,256.0,5400.0,100.0,6.82,1440.0,3168.0,120.0,64.0,32.0,3.3,7.0,1.0,1.0,1.0,1.0,1.0,1.0,0.0,14.0,0.0,4.56192,96.0,791.7888563049853,21.333333333333332,0.45454545454545453,2
8.0,256.0,5000.0,67.0,6.67,1220.0,2712.0,120.0,64.0,16.0,3.35,7.0,1.0,1.0,1.0,1.0,1.0,1.0,0.0,14.0,1.0,3.30864,80.0,749.6251874062968,32.0,0.4498525073746313,1
12.0,128.0,5003.0,30.0,6.71,1440.0,3120.0,120.0,50.0,11.1,2.8,7.0,1.0,1.0,1.0,1.0,1.0,1.0,0.0,12.0,1.0,4.4928,61.1,745.6035767511178,10.666666666666666,0.46153846153846156,2
8.0,256.0,5500.0,100.0,6.78,1080.0,2400.0,120.0,50.0,32.0,2.2,7.0,1.0,1.0,1.0,1.0,1.0,0.0,0.0,15.0,0.0,2.592,82.0,811.2094395280236,32.0,0.45,1
8.0,128.0,5000.0,45.0,6.67,1080.0,2400.0,120.0,50.0,16.0,2.5,7.0,1.0,1.0,1.0,1.0,1.0,0.0,0.0,14.0,0.0,2.592,66.0,749.6251874062968,16.0,0.45,0
8.0,128.0,5030.0,33.0,6.79,1080.0,2460.0,120.0,108.0,13.0,2.3,7.0,1.0,1.0,1.0,1.0,1.0,0.0,0.0,14.0,0.0,2.6568,121.0,740.7952871870398,16.0,0.43902439024390244,0
6.0,128.0,5500.0,45.0,6.78,1080.0,2436.0,144.0,64.0,13.0,2.5,7.0,1.0,1.0,1.0,1.0,1.0,1.0,0.0,15.0,0.0,2.63088,77.0,811.2094395280236,21.333333333333332,0.4433497536945813,1
12.0,512.0,4700.0,67.0,6.55,1236.0,2750.0,120.0,50.0,16.0,3.0,7.0,1.0,1.0,1.0,1.0,1.0,1.0,0.0,14.0,1.0,3.399,66.0,717.557251908397,42.666666666666664,0.44945454545454544,2
12.0,256.0,5100.0,67.0,6.67,1220.0,2712.0,120.0,64.0,16.0,2.4,7.0,1.0,1.0,1.0,1.0,1.0,0.0,0.0,13.0,1.0,3.30864,80.0,764.6176911544228,21.333333333333332,0.4498525073746313,1
16.0,512.0,7000.0,120.0,6.78,1264.0,2780.0,120.0,50.0,32.0,3.4,7.0,1.0,1.0,1.0,1.0,1.0,1.0,0.0,15.0,0.0,3.51392,82.0,1032.448377581121,32.0,0.4546762589928058,2
8.0,256.0,5100.0,23.0,6.3,1080.0,2424.0,120.0,48.0,13.0,3.1,7.0,1.0,1.0,1.0,1.0,1.0,1.0,0.0,15.0,0.0,2.61792,61.0,809.5238095238095,32.0,0.44554455445544555,2
8.0,128.0,5000.0,45.0,6.74,1080.0,2340.0,120.0,50.0,12.0,2.7,7.0,1.0,1.0,1.0,1.0,1.0,0.0,0.0,15.0,1.0,2.5272,62.0,741.8397626112759,16.0,0.46153846153846156,1
8.0,256.0,5000.0,68.0,6.67,1220.0,2712.0,120.0,50.0,32.0,2.5,7.0,1.0,1.0,1.0,1.0,1.0,1.0,0.0,14.0,1.0,3.30864,82.0,749.6251874062968,32.0,0.4498525073746313,1
8.0,128.0,3582.0,45.0,6.3,1206.0,2622.0,120.0,48.0,12.0,4.05,7.0,1.0,1.0,1.0,1.0,1.0,1.0,0.0,18.0,0.0,3.162132,60.0,568.5714285714286,16.0,0.459954233409611,2
12.0,512.0,5850.0,80.0,6.32,1216.0,2640.0,120.0,50.0,32.0,4.32,7.0,1.0,1.0,1.0,1.0,1.0,1.0,0.0,15.0,0.0,3.21024,82.0,925.632911392405,42.666666666666664,0.46060606060606063,2
12.0,256.0,7300.0,90.0,6.77,1080.0,2392.0,120.0,50.0,32.0,2.5,7.0,1.0,1.0,1.0,1.0,1.0,0.0,0.0,15.0,0.0,2.58336,82.0,1078.2865583456426,21.333333333333332,0.451505016722408,1
8.0,256.0,6500.0,44.0,6.72,1080.0,2408.0,120.0,50.0,8.0,2.5,7.0,1.0,1.0,1.0,1.0,1.0,0.0,0.0,15.0,1.0,2.60064,58.0,967.2619047619048,32.0,0.4485049833887043,1
8.0,128.0,5000.0,45.0,6.67,1080.0,2400.0,120.0,50.0,32.0,2.5,7.0,1.0,1.0,1.0,1.0,1.0,0.0,0.0,14.0,0.0,2.592,82.0,749.6251874062968,16.0,0.45,1
6.0,128.0,5500.0,15.0,6.68,720.0,1608.0,90.0,50.0,5.0,1.8,7.0,1.0,1.0,0.0,1.0,1.0,0.0,1.0,14.0,0.0,1.15776,55.0,823.3532934131737,21.333333333333332,0.44776119402985076,0
8.0,128.0,3000.0,45.0,6.1,1200.0,2600.0,120.0,12.0,24.0,2.5,7.0,1.0,1.0,1.0,1.0,1.0,1.0,0.0,26.0,0.0,3.12,36.0,491.80327868852464,16.0,0.46153846153846156,2
8.0,128.0,5200.0,80.0,6.7,1080.0,2412.0,120.0,50.0,32.0,2.4,7.0,1.0,1.0,1.0,1.0,1.0,0.0,0.0,14.0,1.0,2.60496,82.0,776.1194029850747,16.0,0.44776119402985076,1
8.0,256.0,6000.0,100.0,6.82,1080.0,2436.0,144.0,200.0,32.0,2.6,7.0,1.0,1.0,1.0,1.0,1.0,1.0,1.0,14.0,0.0,2.63088,232.0,879.7653958944281,32.0,0.4433497536945813,1
12.0,512.0,5240.0,90.0,6.36,1200.0,2670.0,120.0,50.0,32.0,4.32,7.0,1.0,1.0,1.0,1.0,1.0,1.0,0.0,15.0,1.0,3.204,82.0,823.8993710691824,42.666666666666664,0.449438202247191,2
8.0,128.0,5100.0,67.0,6.67,1220.0,2712.0,120.0,200.0,16.0,2.4,7.0,1.0,1.0,1.0,1.0,1.0,0.0,0.0,13.0,1.0,3.30864,216.0,764.6176911544228,16.0,0.4498525073746313,1
12.0,256.0,6000.0,80.0,6.55,1264.0,2736.0,120.0,200.0,50.0,2.63,7.0,1.0,1.0,1.0,1.0,1.0,1.0,0.0,15.0,1.0,3.458304,250.0,916.0305343511451,21.333333333333332,0.4619883040935672,2
12.0,512.0,6550.0,90.0,6.67,1220.0,2712.0,120.0,50.0,20.0,3.25,7.0,1.0,1.0,1.0,1.0,1.0,1.0,0.0,15.0,1.0,3.30864,70.0,982.0089955022489,42.666666666666664,0.4498525073746313,2
12.0,256.0,6500.0,120.0,6.82,1260.0,2800.0,120.0,200.0,50.0,2.5,7.0,1.0,1.0,1.0,1.0,1.0,1.0,0.0,15.0,0.0,3.528,250.0,953.0791788856304,21.333333333333332,0.45,2
8.0,128.0,5000.0,45.0,6.72,1080.0,2340.0,120.0,50.0,50.0,2.5,7.0,1.0,1.0,1.0,1.0,1.0,1.0,0.0,15.0,0.0,2.5272,100.0,744.047619047619,16.0,0.46153846153846156,2
8.0,128.0,6000.0,25.0,6.6,1080.0,2340.0,120.0,50.0,13.0,2.4,7.0,1.0,1.0,1.0,1.0,1.0,1.0,0.0,14.0,0.0,2.5272,63.0,909.0909090909091,16.0,0.46153846153846156,1
12.0,256.0,5800.0,90.0,6.67,1260.0,2800.0,120.0,50.0,32.0,3.63,7.0,1.0,1.0,1.0,1.0,1.0,1.0,0.0,15.0,0.0,3.528,82.0,869.5652173913044,21.333333333333332,0.45,2
8.0,256.0,5000.0,240.0,6.78,1080.0,2400.0,165.0,200.0,60.0,2.5,7.0,1.0,1.0,1.0,1.0,1.0,0.0,0.0,15.0,0.0,2.592,260.0,737.4631268436578,32.0,0.45,2
12.0,256.0,7200.0,100.0,6.8,1280.0,2800.0,144.0,50.0,16.0,2.5,7.0,1.0,1.0,1.0,1.0,1.0,1.0,0.0,15.0,1.0,3.584,66.0,1058.8235294117646,21.333333333333332,0.45714285714285713,1
12.0,256.0,6700.0,100.0,6.83,1272.0,2800.0,144.0,50.0,16.0,3.63,7.0,1.0,1.0,1.0,1.0,1.0,1.0,0.0,15.0,0.0,3.5616,66.0,980.9663250366032,21.333333333333332,0.4542857142857143,1
8.0,256.0,7000.0,120.0,6.8,1280.0,2800.0,120.0,50.0,32.0,3.25,7.0,1.0,1.0,1.0,1.0,1.0,1.0,0.0,15.0,0.0,3.584,82.0,1029.4117647058824,32.0,0.45714285714285713,2
16.0,512.0,6000.0,120.0,6.82,1440.0,3168.0,144.0,50.0,32.0,4.32,7.0,1.0,1.0,1.0,1.0,1.0,1.0,0.0,15.0,1.0,4.56192,82.0,879.7653958944281,32.0,0.45454545454545453,2
4.0,128.0,5500.0,44.0,6.68,720.0,1608.0,120.0,50.0,8.0,2.4,7.0,1.0,1.0,1.0,1.0,1.0,0.0,0.0,14.0,0.0,1.15776,58.0,823.3532934131737,32.0,0.44776119402985076,0
12.0,512.0,7500.0,320.0,6.82,1864.0,3820.0,144.0,200.0,50.0,2.5,7.0,1.0,1.0,1.0,1.0,1.0,1.0,0.0,15.0,0.0,7.12048,250.0,1099.7067448680352,42.666666666666664,0.48795811518324606,2
12.0,256.0,5500.0,120.0,6.78,1264.0,2780.0,120.0,50.0,32.0,3.0,7.0,1.0,1.0,1.0,1.0,1.0,1.0,0.0,14.0,0.0,3.51392,82.0,811.2094395280236,21.333333333333332,0.4546762589928058,1
12.0,256.0,5000.0,68.0,6.67,1080.0,2400.0,144.0,50.0,32.0,2.4,7.0,1.0,1.0,1.0,1.0,1.0,1.0,0.0,14.0,0.0,2.592,82.0,749.6251874062968,21.333333333333332,0.45,1
6.0,128.0,5100.0,45.0,6.67,720.0,1604.0,120.0,32.0,8.0,2.4,7.0,1.0,1.0,1.0,1.0,1.0,0.0,0.0,14.0,0.0,1.15488,40.0,764.6176911544228,21.333333333333332,0.4488778054862843,0
4.0,64.0,6000.0,15.0,6.67,720.0,1604.0,120.0,32.0,8.0,2.4,7.0,1.0,1.0,1.0,1.0,1.0,0.0,0.0,15.0,0.0,1.15488,40.0,899.5502248875563,16.0,0.4488778054862843,0
8.0,128.0,6000.0,45.0,6.67,1080.0,2400.0,120.0,50.0,16.0,2.3,7.0,1.0,1.0,1.0,1.0,1.0,1.0,0.0,15.0,1.0,2.592,66.0,899.5502248875563,16.0,0.45,1
12.0,512.0,6000.0,90.0,6.77,1080.0,2392.0,120.0,50.0,50.0,2.63,7.0,1.0,1.0,1.0,1.0,1.0,0.0,0.0,15.0,0.0,2.58336,100.0,886.2629246676514,42.666666666666664,0.451505016722408,2
8.0,256.0,5600.0,80.0,6.59,1256.0,2760.0,120.0,50.0,50.0,3.35,7.0,1.0,1.0,1.0,1.0,1.0,1.0,0.0,15.0,1.0,3.46656,100.0,849.7723823975721,32.0,0.45507246376811594,2
8.0,256.0,5110.0,45.0,6.67,1080.0,2400.0,120.0,50.0,20.0,2.5,7.0,1.0,1.0,1.0,1.0,1.0,0.0,0.0,14.0,0.0,2.592,70.0,766.1169415292354,32.0,0.45,0
8.0,256.0,6600.0,66.0,6.78,1224.0,2700.0,120.0,108.0,16.0,2.2,7.0,1.0,1.0,1.0,1.0,1.0,1.0,0.0,15.0,1.0,3.3048,124.0,973.4513274336283,32.0,0.4533333333333333,1
8.0,128.0,6500.0,45.0,6.7,1080.0,2412.0,120.0,50.0,16.0,2.2,7.0,1.0,1.0,1.0,1.0,1.0,0.0,0.0,15.0,1.0,2.60496,66.0,970.1492537313433,16.0,0.44776119402985076,1
8.0,128.0,5700.0,100.0,6.7,1080.0,2412.0,144.0,50.0,32.0,2.5,7.0,1.0,1.0,1.0,1.0,1.0,0.0,0.0,15.0,1.0,2.60496,82.0,850.7462686567164,16.0,0.44776119402985076,2
4.0,128.0,5000.0,25.0,6.7,720.0,1600.0,120.0,50.0,8.0,2.4,7.0,1.0,1.0,1.0,1.0,1.0,0.0,0.0,15.0,0.0,1.152,58.0,746.2686567164179,32.0,0.45,0
6.0,128.0,6000.0,44.0,6.72,1080.0,2408.0,120.0,50.0,8.0,2.2,7.0,1.0,1.0,1.0,1.0,1.0,0.0,0.0,14.0,0.0,2.60064,58.0,892.8571428571429,21.333333333333332,0.4485049833887043,0
12.0,256.0,6000.0,33.0,6.5,1080.0,2400.0,120.0,50.0,16.0,2.5,7.0,1.0,1.0,1.0,1.0,1.0,0.0,0.0,14.0,0.0,2.592,66.0,923.0769230769231,21.333333333333332,0.45,1
12.0,512.0,4600.0,150.0,6.82,1200.0,2780.0,165.0,200.0,60.0,4.32,7.0,1.0,1.0,1.0,1.0,1.0,1.0,0.0,15.0,1.0,3.336,260.0,674.4868035190616,42.666666666666664,0.4316546762589928,2
4.0,64.0,5200.0,18.0,6.67,720.0,1604.0,90.0,50.0,8.0,2.0,7.0,1.0,1.0,0.0,1.0,1.0,1.0,1.0,15.0,0.0,1.15488,58.0,779.6101949025488,16.0,0.4488778054862843,0
8.0,256.0,5030.0,45.0,6.9,1320.0,2868.0,120.0,48.0,24.0,2.5,7.0,1.0,1.0,1.0,1.0,1.0,1.0,0.0,26.0,1.0,3.78576,72.0,728.9855072463768,32.0,0.4602510460251046,2
8.0,256.0,5200.0,30.0,6.67,1220.0,2712.0,120.0,50.0,32.0,2.5,7.0,1.0,1.0,1.0,1.0,1.0,1.0,0.0,15.0,0.0,3.30864,82.0,779.6101949025488,32.0,0.4498525073746313,1
12.0,128.0,4190.0,45.0,6.3,1200.0,2600.0,120.0,50.0,24.0,2.5,7.0,1.0,1.0,1.0,1.0,1.0,1.0,0.0,26.0,0.0,3.12,74.0,665.0793650793651,10.666666666666666,0.46153846153846156,2
8.0,256.0,7300.0,90.0,6.77,1080.0,2392.0,120.0,50.0,32.0,2.5,7.0,1.0,1.0,1.0,1.0,1.0,0.0,0.0,15.0,0.0,2.58336,82.0,1078.2865583456426,32.0,0.451505016722408,1
12.0,256.0,6000.0,100.0,6.7,1280.0,2800.0,120.0,200.0,16.0,3.3,7.0,1.0,1.0,1.0,1.0,1.0,1.0,0.0,15.0,1.0,3.584,216.0,895.5223880597015,21.333333333333332,0.45714285714285713,2
12.0,256.0,6550.0,90.0,6.67,1220.0,2712.0,120.0,50.0,20.0,3.25,7.0,1.0,1.0,1.0,1.0,1.0,1.0,0.0,15.0,1.0,3.30864,70.0,982.0089955022489,21.333333333333332,0.4498525073746313,1
12.0,512.0,5500.0,90.0,6.67,1260.0,2800.0,120.0,50.0,32.0,3.25,7.0,1.0,1.0,1.0,1.0,1.0,1.0,0.0,15.0,0.0,3.528,82.0,824.5877061469265,42.666666666666664,0.45,2
12.0,256.0,5300.0,120.0,6.67,1440.0,3200.0,120.0,50.0,32.0,4.32,7.0,1.0,1.0,1.0,1.0,1.0,1.0,0.0,15.0,0.0,4.608,82.0,794.6026986506747,21.333333333333332,0.45,2
8.0,128.0,5000.0,25.0,6.7,1080.0,2340.0,120.0,50.0,13.0,2.4,7.0,1.0,1.0,1.0,1.0,1.0,1.0,0.0,15.0,0.0,2.5272,63.0,746.2686567164179,16.0,0.46153846153846156,1
12.0,256.0,6000.0,80.0,8.03,2200.0,2480.0,120.0,50.0,16.0,3.3,7.0,1.0,1.0,1.0,1.0,1.0,1.0,0.0,15.0,0.0,5.456,66.0,747.1980074719802,21.333333333333332,0.8870967741935484,2
8.0,256.0,5700.0,120.0,6.74,1080.0,2408.0,144.0,50.0,50.0,2.5,7.0,1.0,1.0,1.0,1.0,1.0,0.0,0.0,15.0,0.0,2.60064,100.0,845.6973293768546,32.0,0.4485049833887043,2
6.0,128.0,5000.0,33.0,6.67,1080.0,2400.0,120.0,50.0,16.0,2.5,7.0,1.0,1.0,1.0,1.0,1.0,0.0,0.0,14.0,0.0,2.592,66.0,749.6251874062968,21.333333333333332,0.45,0
8.0,128.0,6000.0,80.0,6.72,1080.0,2392.0,120.0,50.0,16.0,2.6,7.0,1.0,1.0,1.0,1.0,1.0,0.0,0.0,15.0,1.0,2.58336,66.0,892.8571428571429,16.0,0.451505016722408,1
8.0,128.0,4000.0,25.0,6.2,1080.0,2340.0,120.0,50.0,12.0,3.2,7.0,1.0,1.0,1.0,1.0,1.0,1.0,0.0,14.0,1.0,2.5272,62.0,645.1612903225806,16.0,0.46153846153846156,2
4.0,64.0,5000.0,25.0,6.7,720.0,1600.0,120.0,50.0,8.0,2.0,7.0,1.0,1.0,0.0,1.0,1.0,0.0,1.0,14.0,0.0,1.152,58.0,746.2686567164179,16.0,0.45,0
12.0,256.0,5000.0,45.0,6.8,1440.0,3088.0,120.0,200.0,12.0,3.36,7.0,1.0,1.0,1.0,1.0,1.0,1.0,0.0,13.0,0.0,4.44672,212.0,735.2941176470589,21.333333333333332,0.46632124352331605,2
6.0,128.0,5200.0,15.0,6.88,720.0,1640.0,120.0,32.0,8.0,1.8,7.0,1.0,1.0,0.0,1.0,1.0,0.0,1.0,15.0,0.0,1.1808,40.0,755.8139534883721,21.333333333333332,0.43902439024390244,0
4.0,128.0,5000.0,45.0,6.75,720.0,1600.0,120.0,50.0,5.0,2.5,7.0,1.0,1.0,1.0,1.0,1.0,0.0,1.0,15.0,0.0,1.152,55.0,740.7407407407408,32.0,0.45,0
8.0,256.0,5000.0,50.0,6.77,1080.0,2392.0,120.0,50.0,32.0,2.5,7.0,1.0,1.0,1.0,1.0,1.0,1.0,0.0,15.0,1.0,2.58336,82.0,738.5524372230428,32.0,0.451505016722408,1
8.0,128.0,6000.0,45.0,6.67,1080.0,2400.0,120.0,50.0,16.0,2.4,7.0,1.0,1.0,1.0,1.0,1.0,0.0,0.0,15.0,0.0,2.592,66.0,899.5502248875563,16.0,0.45,1
8.0,128.0,6500.0,44.0,6.68,720.0,1608.0,120.0,50.0,8.0,2.2,7.0,1.0,1.0,1.0,1.0,1.0,0.0,0.0,15.0,0.0,1.15776,58.0,973.0538922155689,16.0,0.44776119402985076,1
12.0,256.0,5000.0,30.0,6.5,1080.0,2340.0,120.0,48.0,12.0,4.32,7.0,1.0,1.0,1.0,1.0,1.0,1.0,0.0,15.0,0.0,2.5272,60.0,769.2307692307693,21.333333333333332,0.46153846153846156,2
8.0,256.0,5500.0,100.0,6.7,1080.0,2412.0,120.0,50.0,16.0,2.63,7.0,1.0,1.0,1.0,1.0,1.0,0.0,0.0,14.0,0.0,2.60496,66.0,820.8955223880597,32.0,0.44776119402985076,1
4.0,128.0,5000.0,25.0,6.7,1080.0,2340.0,90.0,50.0,13.0,2.4,7.0,1.0,1.0,1.0,1.0,1.0,1.0,0.0,15.0,0.0,2.5272,63.0,746.2686567164179,32.0,0.46153846153846156,0
12.0,512.0,5200.0,100.0,6.78,1224.0,2700.0,120.0,50.0,16.0,3.0,7.0,1.0,1.0,1.0,1.0,1.0,1.0,0.0,14.0,1.0,3.3048,66.0,766.9616519174041,42.666666666666664,0.4533333333333333,2
8.0,128.0,5000.0,44.0,6.67,1080.0,2400.0,120.0,50.0,16.0,2.8,7.0,1.0,1.0,1.0,1.0,1.0,0.0,0.0,14.0,0.0,2.592,66.0,749.6251874062968,16.0,0.45,1
4.0,128.0,5000.0,25.0,6.7,1080.0,2340.0,90.0,50.0,13.0,2.4,7.0,1.0,1.0,1.0,1.0,1.0,1.0,0.0,14.0,0.0,2.5272,63.0,746.2686567164179,32.0,0.46153846153846156,0
8.0,128.0,5000.0,80.0,6.73,1080.0,2480.0,120.0,64.0,32.0,2.2,7.0,1.0,1.0,1.0,1.0,1.0,0.0,1.0,15.0,0.0,2.6784,96.0,742.9420505200594,16.0,0.43548387096774194,1
8.0,128.0,4492.0,45.0,6.1,1080.0,2400.0,120.0,64.0,13.0,3.0,7.0,1.0,1.0,1.0,1.0,1.0,1.0,0.0,14.0,0.0,2.592,77.0,736.3934426229508,16.0,0.45,2
4.0,128.0,6000.0,18.0,6.67,720.0,1600.0,120.0,8.0,8.0,1.8,7.0,1.0,1.0,0.0,1.0,1.0,1.0,1.0,15.0,0.0,1.152,16.0,899.5502248875563,32.0,0.45,0
4.0,64.0,5000.0,25.0,6.74,720.0,1600.0,90.0,50.0,8.0,2.4,7.0,1.0,1.0,1.0,1.0,1.0,0.0,0.0,15.0,0.0,1.152,58.0,741.8397626112759,16.0,0.45,0
4.0,128.0,5500.0,15.0,6.74,720.0,1600.0,90.0,13.0,5.0,2.4,7.0,1.0,1.0,1.0,1.0,1.0,0.0,1.0,15.0,0.0,1.152,18.0,816.0237388724036,32.0,0.45,0
8.0,256.0,5500.0,45.0,6.78,1080.0,2436.0,144.0,64.0,13.0,2.5,7.0,1.0,1.0,1.0,1.0,1.0,0.0,0.0,15.0,0.0,2.63088,77.0,811.2094395280236,32.0,0.4433497536945813,1
8.0,256.0,6000.0,80.0,6.83,1272.0,2800.0,120.0,50.0,16.0,2.5,7.0,1.0,1.0,1.0,1.0,1.0,0.0,0.0,15.0,1.0,3.5616,66.0,878.4773060029282,32.0,0.4542857142857143,1
8.0,128.0,5000.0,18.0,6.78,1080.0,2436.0,120.0,50.0,32.0,2.2,7.0,1.0,1.0,0.0,1.0,1.0,1.0,0.0,14.0,1.0,2.63088,82.0,737.4631268436578,16.0,0.4433497536945813,1
24.0,1.0,6000.0,100.0,6.82,1440.0,3168.0,120.0,50.0,32.0,4.32,7.0,1.0,1.0,1.0,1.0,1.0,1.0,0.0,15.0,0.0,4.56192,82.0,879.7653958944281,0.041666666666666664,0.45454545454545453,2
6.0,128.0,5000.0,33.0,6.74,720.0,1600.0,120.0,50.0,8.0,2.6,7.0,1.0,1.0,1.0,1.0,1.0,0.0,0.0,16.0,0.0,1.152,58.0,741.8397626112759,21.333333333333332,0.45,0
16.0,256.0,5600.0,66.0,10.2,2232.0,3184.0,120.0,50.0,8.0,2.5,7.0,1.0,1.0,1.0,1.0,1.0,1.0,0.0,4.2,0.0,7.106688,58.0,549.0196078431372,16.0,0.7010050251256281,2
8.0,256.0,5500.0,100.0,6.74,1080.0,2400.0,120.0,50.0,50.0,2.5,7.0,1.0,1.0,1.0,1.0,1.0,0.0,1.0,15.0,0.0,2.592,100.0,816.0237388724036,32.0,0.45,1
8.0,256.0,5500.0,80.0,6.67,1080.0,2400.0,120.0,50.0,16.0,2.2,7.0,1.0,1.0,1.0,1.0,1.0,0.0,0.0,14.0,0.0,2.592,66.0,824.5877061469265,32.0,0.45,1
8.0,256.0,5000.0,45.0,6.7,1080.0,2400.0,120.0,50.0,50.0,2.4,7.0,1.0,1.0,1.0,1.0,1.0,1.0,0.0,14.0,0.0,2.592,100.0,746.2686567164179,32.0,0.45,1
8.0,256.0,5000.0,80.0,6.78,1080.0,2400.0,120.0,50.0,32.0,2.5,7.0,1.0,1.0,1.0,1.0,1.0,0.0,0.0,15.0,0.0,2.592,82.0,737.4631268436578,32.0,0.45,1
12.0,512.0,4500.0,125.0,6.7,1220.0,2712.0,144.0,64.0,50.0,3.0,7.0,1.0,1.0,1.0,1.0,1.0,1.0,0.0,14.0,1.0,3.30864,114.0,671.6417910447761,42.666666666666664,0.4498525073746313,2
12.0,256.0,5500.0,90.0,6.67,1260.0,2800.0,120.0,50.0,32.0,3.25,7.0,1.0,1.0,1.0,1.0,1.0,1.0,0.0,15.0,0.0,3.528,82.0,824.5877061469265,21.333333333333332,0.45,2
12.0,256.0,4800.0,100.0,6.7,1080.0,2400.0,120.0,200.0,32.0,3.2,7.0,1.0,1.0,1.0,1.0,1.0,1.0,0.0,13.0,1.0,2.592,232.0,716.4179104477612,21.333333333333332,0.45,2
8.0,256.0,5000.0,33.0,6.77,1080.0,2392.0,120.0,50.0,16.0,2.5,7.0,1.0,1.0,1.0,1.0,1.0,0.0,0.0,15.0,0.0,2.58336,66.0,738.5524372230428,32.0,0.451505016722408,1
8.0,128.0,6500.0,44.0,6.72,1080.0,2408.0,120.0,50.0,8.0,2.5,7.0,1.0,1.0,1.0,1.0,1.0,0.0,0.0,15.0,1.0,2.60064,58.0,967.2619047619048,16.0,0.4485049833887043,0
4.0,128.0,5000.0,33.0,6.67,1080.0,2400.0,120.0,64.0,16.0,2.4,7.0,1.0,1.0,1.0,1.0,1.0,0.0,0.0,14.0,0.0,2.592,80.0,749.6251874062968,32.0,0.45,0
3.0,64.0,5200.0,15.0,6.88,720.0,1650.0,120.0,32.0,8.0,1.8,7.0,1.0,1.0,0.0,1.0,1.0,0.0,1.0,15.0,0.0,1.188,40.0,755.8139534883721,21.333333333333332,0.43636363636363634,0
6.0,128.0,5000.0,25.0,6.74,720.0,1600.0,90.0,50.0,8.0,2.4,7.0,1.0,1.0,1.0,1.0,1.0,0.0,0.0,15.0,0.0,1.152,58.0,741.8397626112759,21.333333333333332,0.45,0
12.0,256.0,6700.0,80.0,6.78,1264.0,2780.0,120.0,50.0,32.0,4.32,7.0,1.0,1.0,1.0,1.0,1.0,1.0,0.0,16.0,0.0,3.51392,82.0,988.2005899705015,21.333333333333332,0.4546762589928058,2
8.0,256.0,6000.0,70.0,6.67,1260.0,2800.0,144.0,108.0,13.0,3.35,7.0,1.0,1.0,1.0,1.0,1.0,1.0,0.0,15.0,1.0,3.528,121.0,899.5502248875563,32.0,0.45,1
4.0,64.0,5160.0,18.0,6.88,720.0,1640.0,120.0,50.0,8.0,2.2,7.0,1.0,1.0,1.0,1.0,1.0,0.0,1.0,14.0,0.0,1.1808,58.0,750.0,16.0,0.43902439024390244,0
8.0,256.0,5000.0,120.0,6.67,1220.0,2712.0,120.0,200.0,16.0,2.8,7.0,1.0,1.0,1.0,1.0,1.0,1.0,0.0,13.0,0.0,3.30864,216.0,749.6251874062968,32.0,0.4498525073746313,1
12.0,256.0,5000.0,45.0,6.8,1440.0,3080.0,120.0,108.0,40.0,3.0,7.0,1.0,1.0,1.0,1.0,1.0,1.0,0.0,12.0,0.0,4.4352,148.0,735.2941176470589,21.333333333333332,0.4675324675324675,2
8.0,128.0,6000.0,45.0,6.67,720.0,1604.0,120.0,50.0,8.0,2.4,7.0,1.0,1.0,1.0,1.0,1.0,1.0,0.0,15.0,0.0,1.15488,58.0,899.5502248875563,16.0,0.4488778054862843,1
8.0,128.0,5000.0,45.0,6.78,2400.0,1200.0,120.0,50.0,8.0,2.5,7.0,1.0,1.0,0.0,1.0,1.0,0.0,1.0,15.0,0.0,2.88,58.0,737.4631268436578,16.0,2.0,0
8.0,256.0,6400.0,80.0,6.78,1260.0,2800.0,144.0,50.0,32.0,3.0,7.0,1.0,1.0,1.0,1.0,1.0,0.0,0.0,15.0,1.0,3.528,82.0,943.952802359882,32.0,0.45,1
8.0,256.0,6000.0,90.0,6.77,1080.0,2392.0,120.0,50.0,50.0,2.63,7.0,1.0,1.0,1.0,1.0,1.0,0.0,0.0,15.0,0.0,2.58336,100.0,886.2629246676514,32.0,0.451505016722408,2
4.0,64.0,5000.0,18.0,6.74,720.0,1600.0,90.0,13.0,5.0,2.0,7.0,1.0,1.0,0.0,1.0,1.0,0.0,1.0,14.0,0.0,1.152,18.0,741.8397626112759,16.0,0.45,0
8.0,128.0,5000.0,67.0,6.7,1080.0,2412.0,120.0,64.0,8.0,2.6,7.0,1.0,1.0,1.0,1.0,1.0,0.0,0.0,14.0,1.0,2.60496,72.0,746.2686567164179,16.0,0.44776119402985076,1
12.0,512.0,5500.0,100.0,6.67,1220.0,3200.0,144.0,50.0,32.0,3.25,7.0,1.0,1.0,1.0,1.0,1.0,1.0,0.0,15.0,1.0,3.904,82.0,824.5877061469265,42.666666666666664,0.38125,2
8.0,128.0,5500.0,80.0,6.78,1260.0,2800.0,120.0,50.0,50.0,2.63,7.0,1.0,1.0,1.0,1.0,1.0,0.0,0.0,14.0,0.0,3.528,100.0,811.2094395280236,16.0,0.45,2
8.0,256.0,5000.0,25.0,6.6,1080.0,2340.0,120.0,50.0,32.0,2.7,7.0,1.0,1.0,1.0,1.0,1.0,1.0,0.0,14.0,0.0,2.5272,82.0,757.5757575757576,32.0,0.46153846153846156,1
8.0,256.0,7300.0,80.0,6.67,1080.0,2400.0,120.0,50.0,32.0,2.5,7.0,1.0,1.0,1.0,1.0,1.0,0.0,0.0,16.0,1.0,2.592,82.0,1094.4527736131934,32.0,0.45,1
6.0,128.0,4383.0,45.0,6.7,1290.0,2796.0,120.0,48.0,12.0,3.46,7.0,1.0,1.0,1.0,1.0,1.0,1.0,0.0,17.0,0.0,3.60684,60.0,654.1791044776119,21.333333333333332,0.4613733905579399,2
8.0,128.0,3900.0,25.0,6.1,1080.0,2340.0,120.0,50.0,12.0,3.36,7.0,1.0,1.0,1.0,1.0,1.0,1.0,0.0,13.0,1.0,2.5272,62.0,639.344262295082,16.0,0.46153846153846156,2
4.0,128.0,6000.0,45.0,6.67,720.0,1604.0,120.0,32.0,5.0,2.4,7.0,1.0,1.0,1.0,1.0,1.0,0.0,0.0,15.0,0.0,1.15488,37.0,899.5502248875563,32.0,0.4488778054862843,0
12.0,256.0,5000.0,50.0,6.77,1080.0,2392.0,120.0,50.0,50.0,2.5,7.0,1.0,1.0,1.0,1.0,1.0,1.0,0.0,15.0,0.0,2.58336,100.0,738.5524372230428,21.333333333333332,0.451505016722408,2
8.0,128.0,6000.0,45.0,6.72,1080.0,2400.0,120.0,50.0,8.0,2.5,7.0,1.0,1.0,1.0,1.0,1.0,0.0,0.0,15.0,0.0,2.592,58.0,892.8571428571429,16.0,0.45,0
12.0,256.0,3900.0,25.0,6.7,1440.0,3120.0,120.0,200.0,12.0,4.47,7.0,1.0,1.0,1.0,1.0,1.0,1.0,0.0,15.0,1.0,4.4928,212.0,582.0895522388059,21.333333333333332,0.46153846153846156,2
8.0,256.0,6000.0,80.0,6.83,1272.0,2800.0,120.0,50.0,32.0,2.5,7.0,1.0,1.0,1.0,1.0,1.0,0.0,0.0,15.0,0.0,3.5616,82.0,878.4773060029282,32.0,0.4542857142857143,1
8.0,128.0,5500.0,80.0,6.78,1260.0,2780.0,120.0,50.0,32.0,3.0,7.0,1.0,1.0,1.0,1.0,1.0,0.0,0.0,14.0,0.0,3.5028,82.0,811.2094395280236,16.0,0.45323741007194246,1
8.0,256.0,4500.0,25.0,6.3,1800.0,3200.0,120.0,200.0,12.0,2.5,7.0,1.0,1.0,1.0,1.0,1.0,1.0,0.0,14.0,0.0,5.76,212.0,714.2857142857143,32.0,0.5625,2
12.0,256.0,5700.0,90.0,6.31,1216.0,2640.0,120.0,50.0,32.0,3.63,7.0,1.0,1.0,1.0,1.0,1.0,1.0,0.0,15.0,0.0,3.21024,82.0,903.3280507131537,21.333333333333332,0.46060606060606063,2
8.0,256.0,5000.0,80.0,6.67,1080.0,2400.0,120.0,50.0,16.0,2.5,7.0,1.0,1.0,1.0,1.0,1.0,1.0,0.0,14.0,0.0,2.592,66.0,749.6251874062968,32.0,0.45,1
8.0,128.0,5030.0,33.0,6.79,1080.0,2460.0,120.0,108.0,13.0,2.3,7.0,1.0,1.0,1.0,1.0,1.0,0.0,0.0,14.0,0.0,2.6568,121.0,740.7952871870398,16.0,0.43902439024390244,0
12.0,256.0,5000.0,45.0,6.67,1080.0,2400.0,120.0,50.0,50.0,2.4,7.0,1.0,1.0,1.0,1.0,1.0,1.0,0.0,14.0,0.0,2.592,100.0,749.6251874062968,21.333333333333332,0.45,1
8.0,256.0,5000.0,25.0,6.6,1080.0,2340.0,120.0,50.0,13.0,2.4,7.0,1.0,1.0,1.0,1.0,1.0,1.0,0.0,14.0,0.0,2.5272,63.0,757.5757575757576,32.0,0.46153846153846156,1
12.0,512.0,5000.0,45.0,6.8,1440.0,3120.0,120.0,200.0,12.0,3.3,7.0,1.0,1.0,1.0,1.0,1.0,1.0,0.0,14.0,0.0,4.4928,212.0,735.2941176470589,42.666666666666664,0.46153846153846156,2
12.0,512.0,5000.0,67.0,6.67,1220.0,2712.0,120.0,64.0,16.0,3.35,7.0,1.0,1.0,1.0,1.0,1.0,1.0,0.0,14.0,1.0,3.30864,80.0,749.6251874062968,42.666666666666664,0.4498525073746313,1
16.0,512.0,5000.0,120.0,6.78,1260.0,2800.0,144.0,64.0,16.0,3.3,7.0,1.0,1.0,1.0,1.0,1.0,1.0,0.0,14.0,1.0,3.528,80.0,737.4631268436578,32.0,0.45,2
16.0,256.0,4700.0,27.0,6.3,1280.0,2856.0,120.0,50.0,42.0,3.1,7.0,1.0,1.0,1.0,1.0,1.0,1.0,0.0,14.0,1.0,3.65568,92.0,746.031746031746,16.0,0.4481792717086835,2
512.0,4.0,1450.0,45.0,2.7,240.0,320.0,120.0,5.0,16.0,1.3,7.0,1.0,1.0,0.0,0.0,1.0,0.0,1.0,14.0,0.0,0.0768,21.0,537.037037037037,0.0078125,0.75,0
8.0,128.0,5000.0,45.0,6.55,1080.0,2400.0,120.0,50.0,16.0,2.2,7.0,1.0,1.0,1.0,1.0,1.0,0.0,0.0,12.0,0.0,2.592,66.0,763.3587786259542,16.0,0.45,0
6.0,128.0,3279.0,45.0,6.1,1170.0,2532.0,120.0,12.0,12.0,3.22,7.0,1.0,1.0,1.0,1.0,1.0,1.0,0.0,16.0,0.0,2.96244,24.0,537.5409836065575,21.333333333333332,0.46208530805687204,2
12.0,256.0,6100.0,100.0,6.82,1440.0,3168.0,120.0,200.0,50.0,2.5,7.0,1.0,1.0,1.0,1.0,1.0,1.0,0.0,15.0,1.0,4.56192,250.0,894.4281524926686,21.333333333333332,0.45454545454545453,2
8.0,256.0,5500.0,15.0,6.74,720.0,1600.0,90.0,50.0,5.0,2.4,7.0,1.0,1.0,1.0,1.0,1.0,0.0,1.0,15.0,0.0,1.152,55.0,816.0237388724036,32.0,0.45,1
8.0,128.0,5160.0,18.0,6.88,720.0,1640.0,120.0,50.0,8.0,2.2,7.0,1.0,1.0,1.0,1.0,1.0,0.0,1.0,14.0,0.0,1.1808,58.0,750.0,16.0,0.43902439024390244,0
8.0,256.0,5500.0,45.0,6.67,1220.0,2712.0,120.0,50.0,20.0,2.5,7.0,1.0,1.0,1.0,1.0,1.0,1.0,0.0,14.0,1.0,3.30864,70.0,824.5877061469265,32.0,0.4498525073746313,1
8.0,128.0,5800.0,45.0,6.67,1080.0,2400.0,120.0,50.0,32.0,2.2,7.0,1.0,1.0,1.0,1.0,1.0,1.0,0.0,15.0,0.0,2.592,82.0,869.5652173913044,16.0,0.45,2
8.0,128.0,5110.0,45.0,6.67,1080.0,2400.0,120.0,50.0,20.0,2.5,7.0,1.0,1.0,1.0,1.0,1.0,1.0,0.0,14.0,0.0,2.592,70.0,766.1169415292354,16.0,0.45,1
6.0,128.0,6000.0,45.0,6.67,720.0,1604.0,120.0,50.0,8.0,2.4,7.0,1.0,1.0,1.0,1.0,1.0,0.0,0.0,14.0,0.0,1.15488,58.0,899.5502248875563,21.333333333333332,0.4488778054862843,0
12.0,256.0,6000.0,120.0,6.67,1260.0,2800.0,120.0,50.0,50.0,2.5,7.0,1.0,1.0,1.0,1.0,1.0,1.0,0.0,15.0,0.0,3.528,100.0,899.5502248875563,21.333333333333332,0.45,2
8.0,256.0,5500.0,80.0,6.77,1080.0,2392.0,120.0,50.0,50.0,2.5,7.0,1.0,1.0,1.0,1.0,1.0,0.0,0.0,14.0,1.0,2.58336,100.0,812.4076809453471,32.0,0.451505016722408,1
4.0,64.0,5000.0,18.0,6.67,720.0,1612.0,120.0,48.0,8.0,2.4,7.0,1.0,1.0,1.0,1.0,1.0,1.0,1.0,14.0,0.0,1.16064,56.0,749.6251874062968,16.0,0.4466501240694789,0
12.0,512.0,5000.0,45.0,6.78,1080.0,2400.0,144.0,108.0,50.0,3.1,7.0,1.0,1.0,1.0,1.0,1.0,1.0,0.0,14.0,0.0,2.592,158.0,737.4631268436578,42.666666666666664,0.45,1
12.0,256.0,5000.0,45.0,6.67,1080.0,2400.0,120.0,50.0,16.0,2.5,7.0,1.0,1.0,1.0,1.0,1.0,0.0,0.0,14.0,0.0,2.592,66.0,749.6251874062968,21.333333333333332,0.45,1
8.0,256.0,5500.0,80.0,6.78,1260.0,2800.0,120.0,50.0,50.0,3.35,7.0,1.0,1.0,1.0,1.0,1.0,0.0,0.0,14.0,1.0,3.528,100.0,811.2094395280236,32.0,0.45,1
12.0,256.0,5000.0,80.0,6.67,1080.0,2400.0,120.0,50.0,16.0,2.5,7.0,1.0,1.0,1.0,1.0,1.0,1.0,0.0,14.0,0.0,2.592,66.0,749.6251874062968,21.333333333333332,0.45,1
8.0,128.0,6000.0,45.0,6.77,1080.0,2392.0,120.0,50.0,16.0,2.5,7.0,1.0,1.0,1.0,1.0,1.0,0.0,0.0,15.0,1.0,2.58336,66.0,886.2629246676514,16.0,0.451505016722408,1
8.0,256.0,5200.0,45.0,6.78,1080.0,2436.0,144.0,50.0,13.0,2.2,7.0,1.0,1.0,0.0,1.0,1.0,1.0,1.0,15.0,0.0,2.63088,63.0,766.9616519174041,32.0,0.4433497536945813,0
6.0,128.0,6000.0,25.0,6.45,1080.0,2340.0,90.0,50.0,13.0,2.2,7.0,1.0,1.0,1.0,1.0,1.0,0.0,0.0,14.0,0.0,2.5272,63.0,930.2325581395348,21.333333333333332,0.46153846153846156,0
12.0,256.0,6500.0,80.0,6.85,1216.0,2688.0,144.0,50.0,16.0,4.32,7.0,1.0,1.0,1.0,1.0,1.0,1.0,0.0,15.0,0.0,3.268608,66.0,948.9051094890511,21.333333333333332,0.4523809523809524,2
8.0,256.0,5030.0,45.0,6.3,1206.0,2622.0,120.0,48.0,24.0,2.5,7.0,1.0,1.0,1.0,1.0,1.0,1.0,0.0,26.0,1.0,3.162132,72.0,798.4126984126984,32.0,0.459954233409611,2
8.0,128.0,5000.0,33.0,6.67,1080.0,2400.0,120.0,64.0,32.0,3.0,7.0,1.0,1.0,1.0,1.0,1.0,0.0,0.0,13.0,0.0,2.592,96.0,749.6251874062968,16.0,0.45,0
8.0,128.0,5000.0,66.0,6.78,1200.0,2652.0,120.0,50.0,16.0,2.5,7.0,1.0,1.0,1.0,1.0,1.0,0.0,0.0,14.0,0.0,3.1824,66.0,737.4631268436578,16.0,0.45248868778280543,1
8.0,256.0,4500.0,68.0,6.7,1220.0,2712.0,144.0,50.0,50.0,2.63,7.0,1.0,1.0,1.0,1.0,1.0,1.0,0.0,14.0,1.0,3.30864,100.0,671.6417910447761,32.0,0.4498525073746313,1
4.0,128.0,6000.0,44.0,6.72,1080.0,2408.0,120.0,50.0,8.0,2.2,7.0,1.0,1.0,1.0,1.0,1.0,0.0,0.0,14.0,0.0,2.60064,58.0,892.8571428571429,32.0,0.4485049833887043,0
8.0,256.0,4674.0,45.0,6.7,1290.0,2796.0,120.0,48.0,12.0,4.04,7.0,1.0,1.0,1.0,1.0,1.0,1.0,0.0,18.0,0.0,3.60684,60.0,697.6119402985074,32.0,0.4613733905579399,2
8.0,128.0,4700.0,45.0,6.7,1080.0,2412.0,120.0,50.0,32.0,3.2,7.0,1.0,1.0,1.0,1.0,1.0,1.0,0.0,13.0,1.0,2.60496,82.0,701.4925373134328,16.0,0.44776119402985076,1
4.0,128.0,5000.0,18.0,6.67,1600.0,720.0,120.0,50.0,5.0,1.6,7.0,1.0,1.0,0.0,1.0,1.0,0.0,1.0,14.0,0.0,1.152,55.0,749.6251874062968,32.0,2.2222222222222223,0
12.0,256.0,7300.0,90.0,6.77,1080.0,2392.0,120.0,50.0,32.0,2.5,7.0,1.0,1.0,1.0,1.0,1.0,0.0,0.0,15.0,0.0,2.58336,82.0,1078.2865583456426,21.333333333333332,0.451505016722408,1
4.0,64.0,5200.0,15.0,6.88,720.0,1640.0,120.0,32.0,8.0,1.8,7.0,1.0,1.0,0.0,1.0,1.0,0.0,1.0,15.0,0.0,1.1808,40.0,755.8139534883721,16.0,0.43902439024390244,0
8.0,128.0,5500.0,45.0,6.67,720.0,1600.0,120.0,50.0,8.0,2.5,7.0,1.0,1.0,1.0,1.0,1.0,0.0,0.0,15.0,0.0,1.152,58.0,824.5877061469265,16.0,0.45,0
12.0,256.0,6400.0,80.0,6.78,1260.0,2800.0,144.0,50.0,32.0,3.0,7.0,1.0,1.0,1.0,1.0,1.0,0.0,0.0,15.0,1.0,3.528,82.0,943.952802359882,21.333333333333332,0.45,2
6.0,128.0,5800.0,25.0,6.7,720.0,1600.0,90.0,50.0,8.0,2.4,7.0,1.0,1.0,1.0,1.0,1.0,0.0,1.0,15.0,0.0,1.152,58.0,865.6716417910447,21.333333333333332,0.45,0
12.0,256.0,5000.0,45.0,6.67,1080.0,2400.0,120.0,50.0,16.0,2.5,7.0,1.0,1.0,1.0,1.0,1.0,0.0,0.0,14.0,0.0,2.592,66.0,749.6251874062968,21.333333333333332,0.45,1
16.0,256.0,5100.0,45.0,6.82,1344.0,2992.0,120.0,50.0,50.0,2.5,7.0,1.0,1.0,1.0,1.0,1.0,1.0,0.0,16.0,1.0,4.021248,100.0,747.8005865102639,16.0,0.44919786096256686,2
8.0,256.0,6000.0,25.0,6.6,1080.0,2340.0,120.0,50.0,13.0,2.4,7.0,1.0,1.0,1.0,1.0,1.0,1.0,0.0,14.0,0.0,2.5272,63.0,909.0909090909091,32.0,0.46153846153846156,1
8.0,128.0,5500.0,120.0,6.78,1264.0,2780.0,120.0,50.0,32.0,2.8,7.0,1.0,1.0,1.0,1.0,1.0,1.0,0.0,14.0,0.0,3.51392,82.0,811.2094395280236,16.0,0.4546762589928058,1
8.0,256.0,5200.0,100.0,6.7,1200.0,2664.0,120.0,50.0,50.0,2.63,7.0,1.0,1.0,1.0,1.0,1.0,1.0,0.0,14.0,1.0,3.1968,100.0,776.1194029850747,32.0,0.45045045045045046,1
6.0,128.0,6000.0,25.0,6.67,1080.0,2400.0,120.0,108.0,32.0,2.5,7.0,1.0,1.0,1.0,1.0,1.0,0.0,0.0,15.0,0.0,2.592,140.0,899.5502248875563,21.333333333333332,0.45,1
8.0,256.0,6000.0,33.0,6.72,1080.0,2400.0,120.0,50.0,16.0,2.7,7.0,1.0,1.0,1.0,1.0,1.0,1.0,0.0,13.0,1.0,2.592,66.0,892.8571428571429,32.0,0.45,1
8.0,256.0,5000.0,80.0,6.78,1260.0,2800.0,120.0,50.0,50.0,3.1,7.0,1.0,1.0,1.0,1.0,1.0,0.0,0.0,14.0,0.0,3.528,100.0,737.4631268436578,32.0,0.45,2
8.0,128.0,5000.0,33.0,6.7,1080.0,2400.0,90.0,50.0,32.0,2.2,7.0,1.0,1.0,1.0,1.0,1.0,1.0,1.0,13.0,0.0,2.592,82.0,746.2686567164179,16.0,0.45,1
8.0,256.0,5000.0,150.0,6.74,1080.0,2400.0,165.0,108.0,32.0,2.6,7.0,1.0,1.0,1.0,1.0,1.0,1.0,0.0,14.0,0.0,2.592,140.0,741.8397626112759,32.0,0.45,1
8.0,256.0,4500.0,45.0,6.6,1080.0,2340.0,120.0,50.0,10.0,3.0,7.0,1.0,1.0,1.0,1.0,1.0,1.0,0.0,12.0,0.0,2.5272,60.0,681.8181818181819,32.0,0.46153846153846156,2
8.0,128.0,5000.0,80.0,6.74,1240.0,2772.0,120.0,50.0,16.0,3.05,7.0,1.0,1.0,1.0,1.0,1.0,1.0,0.0,13.0,1.0,3.43728,66.0,741.8397626112759,16.0,0.44733044733044736,1
4.0,64.0,6000.0,45.0,6.4,720.0,1600.0,90.0,48.0,13.0,2.0,7.0,1.0,1.0,0.0,1.0,1.0,0.0,1.0,11.0,0.0,1.152,61.0,937.5,16.0,0.45,0
12.0,512.0,7000.0,120.0,6.78,1264.0,2780.0,120.0,50.0,32.0,3.4,7.0,1.0,1.0,1.0,1.0,1.0,1.0,0.0,15.0,0.0,3.51392,82.0,1032.448377581121,42.666666666666664,0.4546762589928058,2
16.0,512.0,7000.0,120.0,6.78,1260.0,2800.0,144.0,50.0,32.0,3.2,7.0,1.0,1.0,1.0,1.0,1.0,1.0,0.0,15.0,1.0,3.528,82.0,1032.448377581121,32.0,0.45,2
8.0,256.0,6000.0,45.0,6.57,1080.0,2372.0,120.0,50.0,32.0,2.2,7.0,1.0,1.0,1.0,1.0,1.0,1.0,1.0,15.0,0.0,2.56176,82.0,913.2420091324201,32.0,0.45531197301854975,2
8.0,256.0,6000.0,80.0,6.7,1080.0,2412.0,120.0,50.0,16.0,2.5,7.0,1.0,1.0,1.0,1.0,1.0,0.0,0.0,14.0,1.0,2.60496,66.0,895.5223880597015,32.0,0.44776119402985076,1
12.0,256.0,6000.0,80.0,6.83,1272.0,2800.0,120.0,50.0,16.0,3.35,7.0,1.0,1.0,1.0,1.0,1.0,0.0,0.0,15.0,0.0,3.5616,66.0,878.4773060029282,21.333333333333332,0.4542857142857143,1
12.0,256.0,5000.0,45.0,6.7,1080.0,2340.0,120.0,50.0,12.0,2.9,7.0,1.0,1.0,1.0,1.0,1.0,1.0,0.0,15.0,1.0,2.5272,62.0,746.2686567164179,21.333333333333332,0.46153846153846156,2
12.0,256.0,6500.0,120.0,6.84,1440.0,3168.0,120.0,50.0,50.0,2.5,7.0,1.0,1.0,1.0,1.0,1.0,1.0,0.0,16.0,0.0,4.56192,100.0,950.2923976608188,21.333333333333332,0.45454545454545453,2
6.0,128.0,5000.0,25.0,6.7,720.0,1600.0,120.0,50.0,8.0,2.4,7.0,1.0,1.0,1.0,1.0,1.0,0.0,0.0,15.0,0.0,1.152,58.0,746.2686567164179,21.333333333333332,0.45,0
12.0,256.0,6000.0,80.0,6.83,1272.0,2800.0,120.0,50.0,32.0,2.5,7.0,1.0,1.0,1.0,1.0,1.0,0.0,0.0,15.0,0.0,3.5616,82.0,878.4773060029282,21.333333333333332,0.4542857142857143,2
6.0,128.0,6000.0,45.0,6.67,720.0,1604.0,120.0,50.0,8.0,2.4,7.0,1.0,1.0,1.0,1.0,1.0,1.0,0.0,15.0,0.0,1.15488,58.0,899.5502248875563,21.333333333333332,0.4488778054862843,1
12.0,512.0,6200.0,90.0,6.67,1220.0,2712.0,120.0,50.0,20.0,2.5,7.0,1.0,1.0,1.0,1.0,1.0,1.0,0.0,14.0,0.0,3.30864,70.0,929.5352323838081,42.666666666666664,0.4498525073746313,2
16.0,1.0,6000.0,120.0,6.82,1440.0,3168.0,144.0,50.0,32.0,4.32,7.0,1.0,1.0,1.0,1.0,1.0,1.0,0.0,15.0,1.0,4.56192,82.0,879.7653958944281,0.0625,0.45454545454545453,2
4.0,64.0,5800.0,25.0,6.7,720.0,1600.0,90.0,50.0,8.0,2.4,7.0,1.0,1.0,1.0,1.0,1.0,0.0,1.0,15.0,0.0,1.152,58.0,865.6716417910447,16.0,0.45,0
8.0,128.0,5000.0,33.0,6.78,1080.0,2436.0,120.0,50.0,13.0,2.2,7.0,1.0,1.0,0.0,0.0,1.0,1.0,1.0,14.0,0.0,2.63088,63.0,737.4631268436578,16.0,0.4433497536945813,1
12.0,256.0,7620.0,90.0,6.78,1260.0,2800.0,144.0,50.0,16.0,3.25,7.0,1.0,1.0,1.0,1.0,1.0,1.0,0.0,15.0,1.0,3.528,66.0,1123.8938053097345,21.333333333333332,0.45,1
12.0,512.0,5200.0,80.0,6.7,1080.0,2412.0,120.0,50.0,32.0,2.4,7.0,1.0,1.0,1.0,1.0,1.0,0.0,0.0,14.0,1.0,2.60496,82.0,776.1194029850747,42.666666666666664,0.44776119402985076,1
12.0,256.0,6000.0,45.0,6.67,1080.0,2400.0,120.0,50.0,16.0,2.3,7.0,1.0,1.0,1.0,1.0,1.0,0.0,0.0,15.0,1.0,2.592,66.0,899.5502248875563,21.333333333333332,0.45,1
8.0,256.0,5000.0,33.0,6.67,1080.0,2400.0,120.0,64.0,50.0,2.2,7.0,1.0,1.0,1.0,1.0,1.0,0.0,1.0,14.0,0.0,2.592,114.0,749.6251874062968,32.0,0.45,0
8.0,256.0,5500.0,100.0,6.78,1264.0,2780.0,120.0,50.0,16.0,3.2,7.0,1.0,1.0,1.0,1.0,1.0,1.0,0.0,14.0,1.0,3.51392,66.0,811.2094395280236,32.0,0.4546762589928058,2
8.0,128.0,4800.0,44.0,6.67,1080.0,2400.0,120.0,64.0,16.0,2.0,7.0,1.0,1.0,1.0,1.0,1.0,0.0,0.0,13.0,0.0,2.592,80.0,719.6401799100449,16.0,0.45,1
8.0,512.0,3274.0,45.0,6.1,1179.0,2556.0,120.0,48.0,12.0,3.78,7.0,1.0,1.0,1.0,1.0,1.0,1.0,0.0,17.0,0.0,3.013524,60.0,536.7213114754098,64.0,0.4612676056338028,2
12.0,256.0,5000.0,68.0,6.78,1080.0,2400.0,144.0,108.0,50.0,2.6,7.0,1.0,1.0,1.0,1.0,1.0,1.0,0.0,13.0,0.0,2.592,158.0,737.4631268436578,21.333333333333332,0.45,0
12.0,256.0,4400.0,25.0,7.6,1856.0,2160.0,120.0,50.0,16.0,3.39,7.0,1.0,1.0,1.0,1.0,1.0,1.0,0.0,14.0,0.0,4.00896,66.0,578.9473684210527,21.333333333333332,0.8592592592592593,2
8.0,128.0,5000.0,45.0,6.78,1080.0,2412.0,120.0,108.0,32.0,2.91,7.0,1.0,1.0,1.0,1.0,1.0,1.0,0.0,14.0,0.0,2.60496,140.0,737.4631268436578,16.0,0.44776119402985076,2
8.0,128.0,5000.0,80.0,6.78,1260.0,2800.0,120.0,50.0,50.0,2.63,7.0,1.0,1.0,1.0,1.0,1.0,0.0,0.0,14.0,1.0,3.528,100.0,737.4631268436578,16.0,0.45,1
12.0,128.0,5050.0,30.0,6.7,1344.0,2992.0,120.0,50.0,10.5,3.0,7.0,1.0,1.0,1.0,1.0,1.0,1.0,0.0,14.0,1.0,4.021248,60.5,753.7313432835821,10.666666666666666,0.44919786096256686,2
8.0,128.0,4500.0,25.0,6.4,1080.0,2340.0,120.0,50.0,10.0,2.8,7.0,1.0,1.0,1.0,1.0,1.0,1.0,0.0,13.0,0.0,2.5272,60.0,703.125,16.0,0.46153846153846156,2
8.0,128.0,4500.0,45.0,6.5,1080.0,2400.0,120.0,12.0,32.0,2.84,7.0,1.0,1.0,1.0,1.0,1.0,1.0,0.0,10.0,0.0,2.592,44.0,692.3076923076923,16.0,0.45,1
8.0,128.0,5500.0,45.0,6.78,1080.0,2436.0,144.0,64.0,13.0,2.5,7.0,1.0,1.0,1.0,1.0,1.0,1.0,0.0,15.0,0.0,2.63088,77.0,811.2094395280236,16.0,0.4433497536945813,1
8.0,256.0,6000.0,45.0,6.67,1080.0,2400.0,120.0,50.0,16.0,2.4,7.0,1.0,1.0,1.0,1.0,1.0,0.0,0.0,15.0,0.0,2.592,66.0,899.5502248875563,32.0,0.45,1
8.0,256.0,8000.0,66.0,6.78,1224.0,2700.0,120.0,50.0,16.0,2.63,7.0,1.0,1.0,1.0,1.0,1.0,1.0,0.0,15.0,1.0,3.3048,66.0,1179.9410029498524,32.0,0.4533333333333333,1
12.0,256.0,5600.0,80.0,7.95,2156.0,2344.0,120.0,50.0,16.0,4.32,7.0,1.0,1.0,1.0,1.0,1.0,1.0,0.0,14.0,0.0,5.053664,66.0,704.4025157232704,21.333333333333332,0.9197952218430034,2
8.0,128.0,6500.0,67.0,6.74,1080.0,2400.0,120.0,50.0,32.0,2.5,7.0,1.0,1.0,1.0,1.0,1.0,1.0,0.0,16.0,1.0,2.592,82.0,964.3916913946588,16.0,0.45,1
8.0,256.0,6000.0,80.0,6.83,1272.0,2800.0,120.0,50.0,16.0,3.35,7.0,1.0,1.0,1.0,1.0,1.0,0.0,0.0,15.0,0.0,3.5616,66.0,878.4773060029282,32.0,0.4542857142857143,1
8.0,128.0,5500.0,45.0,6.74,1080.0,2340.0,120.0,50.0,16.0,2.3,7.0,1.0,1.0,1.0,1.0,1.0,1.0,0.0,16.0,1.0,2.5272,66.0,816.0237388724036,16.0,0.46153846153846156,2
12.0,512.0,25500.0,66.0,6.95,1080.0,2460.0,144.0,64.0,32.0,2.5,7.0,1.0,1.0,1.0,1.0,1.0,1.0,1.0,15.0,0.0,2.6568,96.0,3669.0647482014388,42.666666666666664,0.43902439024390244,2
8.0,256.0,5000.0,50.0,6.77,1080.0,2392.0,120.0,50.0,50.0,2.5,7.0,1.0,1.0,1.0,1.0,1.0,1.0,0.0,15.0,0.0,2.58336,100.0,738.5524372230428,32.0,0.451505016722408,1
8.0,128.0,5000.0,25.0,6.7,1080.0,2340.0,90.0,50.0,13.0,2.4,7.0,1.0,1.0,1.0,1.0,1.0,1.0,0.0,14.0,0.0,2.5272,63.0,746.2686567164179,16.0,0.46153846153846156,0
12.0,256.0,6000.0,80.0,6.83,1272.0,2800.0,120.0,50.0,16.0,2.5,7.0,1.0,1.0,1.0,1.0,1.0,0.0,0.0,15.0,1.0,3.5616,66.0,878.4773060029282,21.333333333333332,0.4542857142857143,1
12.0,256.0,7200.0,90.0,6.78,1224.0,2800.0,144.0,50.0,50.0,4.32,7.0,1.0,1.0,1.0,1.0,1.0,1.0,0.0,15.0,1.0,3.4272,100.0,1061.9469026548672,21.333333333333332,0.43714285714285717,2
12.0,256.0,6500.0,150.0,6.88,1440.0,3168.0,120.0,50.0,50.0,2.5,7.0,1.0,1.0,1.0,1.0,1.0,1.0,0.0,16.0,1.0,4.56192,100.0,944.7674418604652,21.333333333333332,0.45454545454545453,2
12.0,256.0,7700.0,100.0,6.78,1220.0,2712.0,144.0,50.0,32.0,2.5,7.0,1.0,1.0,1.0,1.0,1.0,1.0,0.0,16.0,0.0,3.30864,82.0,1135.693215339233,21.333333333333332,0.4498525073746313,2
8.0,256.0,6200.0,80.0,6.31,1440.0,3168.0,120.0,50.0,32.0,4.32,7.0,1.0,1.0,1.0,1.0,1.0,1.0,0.0,15.0,0.0,4.56192,82.0,982.56735340729,32.0,0.45454545454545453,2
8.0,128.0,5500.0,33.0,6.74,1080.0,2400.0,120.0,50.0,16.0,2.5,7.0,1.0,1.0,1.0,1.0,1.0,0.0,1.0,15.0,0.0,2.592,66.0,816.0237388724036,16.0,0.45,0
8.0,128.0,6000.0,45.0,6.72,1080.0,2400.0,120.0,50.0,8.0,2.0,7.0,1.0,1.0,0.0,1.0,1.0,1.0,1.0,14.0,0.0,2.592,58.0,892.8571428571429,16.0,0.45,0
4.0,128.0,5160.0,18.0,6.88,720.0,1640.0,120.0,50.0,5.0,2.0,7.0,1.0,1.0,1.0,1.0,1.0,0.0,1.0,14.0,0.0,1.1808,55.0,750.0,32.0,0.43902439024390244,0
4.0,128.0,5500.0,33.0,6.78,1080.0,2400.0,120.0,50.0,8.0,2.5,7.0,1.0,1.0,1.0,1.0,1.0,1.0,1.0,14.0,0.0,2.592,58.0,811.2094395280236,32.0,0.45,0
8.0,256.0,4500.0,30.0,6.9,1080.0,2640.0,120.0,50.0,32.0,2.6,7.0,1.0,1.0,1.0,1.0,1.0,1.0,0.0,14.0,0.0,2.8512,82.0,652.1739130434783,32.0,0.4090909090909091,2
12.0,256.0,5500.0,100.0,6.74,1240.0,2772.0,120.0,50.0,16.0,2.8,7.0,1.0,1.0,1.0,1.0,1.0,1.0,0.0,14.0,1.0,3.43728,66.0,816.0237388724036,21.333333333333332,0.44733044733044736,2
4.0,128.0,5100.0,45.0,6.67,720.0,1604.0,120.0,8.0,5.0,2.4,7.0,1.0,1.0,1.0,1.0,1.0,0.0,0.0,14.0,0.0,1.15488,13.0,764.6176911544228,32.0,0.4488778054862843,0
6.0,128.0,1800.0,45.0,3.92,1240.0,1080.0,120.0,50.0,8.0,2.2,7.0,1.0,1.0,1.0,0.0,1.0,1.0,0.0,14.0,1.0,1.3392,58.0,459.18367346938777,21.333333333333332,1.1481481481481481,2
12.0,256.0,4970.0,29.0,6.3,1080.0,2400.0,120.0,50.0,10.5,2.5,7.0,1.0,1.0,1.0,1.0,1.0,1.0,0.0,16.0,1.0,2.592,60.5,788.8888888888889,21.333333333333332,0.45,2
12.0,256.0,5630.0,80.0,6.59,1256.0,2760.0,120.0,50.0,32.0,3.63,7.0,1.0,1.0,1.0,1.0,1.0,1.0,0.0,15.0,1.0,3.46656,82.0,854.3247344461305,21.333333333333332,0.45507246376811594,2
8.0,256.0,4500.0,35.0,6.7,1080.0,2412.0,120.0,108.0,50.0,2.4,7.0,1.0,1.0,1.0,1.0,1.0,0.0,0.0,14.0,1.0,2.60496,158.0,671.6417910447761,32.0,0.44776119402985076,1
8.0,256.0,5000.0,45.0,6.78,1080.0,2436.0,120.0,108.0,32.0,2.2,7.0,1.0,1.0,1.0,1.0,1.0,1.0,0.0,14.0,0.0,2.63088,140.0,737.4631268436578,32.0,0.4433497536945813,1
8.0,256.0,5000.0,45.0,6.78,1080.0,2436.0,144.0,108.0,32.0,3.1,7.0,1.0,1.0,1.0,1.0,1.0,1.0,0.0,14.0,0.0,2.63088,140.0,737.4631268436578,32.0,0.4433497536945813,1
6.0,64.0,5000.0,33.0,6.6,1080.0,2400.0,90.0,50.0,16.0,2.4,7.0,1.0,1.0,1.0,1.0,1.0,0.0,0.0,11.0,0.0,2.592,66.0,757.5757575757576,10.666666666666666,0.45,0
2.0,64.0,5000.0,10.0,6.6,720.0,1612.0,90.0,13.0,8.0,1.6,7.0,1.0,1.0,0.0,1.0,1.0,0.0,1.0,14.0,0.0,1.16064,21.0,757.5757575757576,32.0,0.4466501240694789,0
8.0,256.0,7500.0,67.0,8.8,1880.0,3008.0,165.0,13.0,8.0,3.73,7.0,0.0,0.0,0.0,0.0,1.0,0.0,0.0,15.0,1.0,5.65504,21.0,852.2727272727273,32.0,0.625,2
8.0,512.0,6720.0,30.0,6.67,1220.0,2712.0,120.0,50.0,32.0,2.5,7.0,1.0,1.0,1.0,1.0,1.0,1.0,0.0,15.0,0.0,3.30864,82.0,1007.496251874063,64.0,0.4498525073746313,2
6.0,128.0,5000.0,45.0,6.7,1080.0,2400.0,120.0,12.0,13.0,2.4,7.0,1.0,1.0,1.0,1.0,1.0,1.0,1.0,15.0,0.0,2.592,25.0,746.2686567164179,21.333333333333332,0.45,1
8.0,128.0,7000.0,45.0,6.78,1080.0,2460.0,120.0,108.0,8.0,2.2,7.0,1.0,1.0,0.0,1.0,1.0,1.0,0.0,15.0,0.0,2.6568,116.0,1032.448377581121,16.0,0.43902439024390244,0
12.0,512.0,6000.0,90.0,6.77,1080.0,2392.0,120.0,50.0,50.0,2.63,7.0,1.0,1.0,1.0,1.0,1.0,0.0,0.0,15.0,1.0,2.58336,100.0,886.2629246676514,42.666666666666664,0.451505016722408,2
6.0,128.0,5500.0,15.0,6.74,720.0,1600.0,90.0,13.0,5.0,2.4,7.0,1.0,1.0,1.0,1.0,1.0,0.0,1.0,15.0,0.0,1.152,18.0,816.0237388724036,21.333333333333332,0.45,0
8.0,128.0,6000.0,45.0,6.72,1080.0,2400.0,120.0,50.0,8.0,2.5,7.0,1.0,1.0,1.0,1.0,1.0,0.0,0.0,15.0,0.0,2.592,58.0,892.8571428571429,16.0,0.45,0
12.0,128.0,5000.0,45.0,6.3,1560.0,720.0,120.0,12.0,20.0,2.2,7.0,1.0,1.0,0.0,1.0,1.0,0.0,0.0,14.0,1.0,1.1232,32.0,793.6507936507936,10.666666666666666,2.1666666666666665,0
8.0,256.0,5600.0,90.0,6.77,1080.0,2392.0,120.0,50.0,50.0,2.5,7.0,1.0,1.0,1.0,1.0,1.0,0.0,0.0,15.0,0.0,2.58336,100.0,827.178729689808,32.0,0.451505016722408,2
8.0,256.0,5000.0,45.0,6.7,1080.0,2340.0,120.0,50.0,12.0,2.4,7.0,1.0,1.0,1.0,1.0,1.0,1.0,0.0,15.0,1.0,2.5272,62.0,746.2686567164179,32.0,0.46153846153846156,2
16.0,512.0,6000.0,120.0,6.85,1440.0,3200.0,120.0,200.0,32.0,2.5,7.0,1.0,1.0,1.0,1.0,1.0,1.0,0.0,16.0,1.0,4.608,232.0,875.9124087591241,32.0,0.45,2
8.0,128.0,5600.0,33.0,6.74,1080.0,2400.0,120.0,50.0,32.0,2.5,7.0,1.0,1.0,1.0,1.0,1.0,0.0,0.0,15.0,0.0,2.592,82.0,830.860534124629,16.0,0.45,1
8.0,256.0,5500.0,80.0,6.82,1084.0,2728.0,144.0,64.0,50.0,3.0,7.0,1.0,1.0,1.0,1.0,1.0,1.0,0.0,16.0,1.0,2.957152,114.0,806.4516129032257,32.0,0.3973607038123167,1
12.0,512.0,5000.0,45.0,6.9,1440.0,3120.0,120.0,200.0,12.0,4.32,7.0,1.0,1.0,1.0,1.0,1.0,1.0,0.0,15.0,0.0,4.4928,212.0,724.6376811594203,42.666666666666664,0.46153846153846156,2
16.0,512.0,6000.0,100.0,6.82,1440.0,3168.0,120.0,50.0,32.0,4.32,7.0,1.0,1.0,1.0,1.0,1.0,1.0,0.0,15.0,0.0,4.56192,82.0,879.7653958944281,32.0,0.45454545454545453,2
6.0,128.0,5160.0,18.0,6.88,720.0,1640.0,120.0,50.0,8.0,2.2,7.0,1.0,1.0,1.0,1.0,1.0,0.0,1.0,14.0,0.0,1.1808,58.0,750.0,21.333333333333332,0.43902439024390244,0
8.0,128.0,5000.0,18.0,6.67,720.0,1612.0,120.0,48.0,8.0,2.4,7.0,1.0,1.0,1.0,1.0,1.0,1.0,1.0,14.0,0.0,1.16064,56.0,749.6251874062968,16.0,0.4466501240694789,0
4.0,128.0,6000.0,45.0,6.67,720.0,1604.0,120.0,32.0,8.0,2.4,7.0,1.0,1.0,1.0,1.0,1.0,0.0,0.0,15.0,0.0,1.15488,40.0,899.5502248875563,32.0,0.4488778054862843,0
4.0,64.0,5500.0,15.0,6.74,720.0,1600.0,120.0,13.0,5.0,1.8,7.0,1.0,1.0,0.0,1.0,1.0,0.0,1.0,14.0,0.0,1.152,18.0,816.0237388724036,16.0,0.45,0
8.0,256.0,5000.0,30.0,6.78,1080.0,2388.0,120.0,50.0,16.0,2.4,7.0,1.0,1.0,1.0,1.0,1.0,1.0,0.0,14.0,0.0,2.57904,66.0,737.4631268436578,32.0,0.45226130653266333,2
8.0,256.0,3561.0,45.0,6.1,1179.0,2556.0,120.0,48.0,12.0,4.04,7.0,1.0,1.0,1.0,1.0,1.0,1.0,0.0,18.0,0.0,3.013524,60.0,583.7704918032787,32.0,0.4612676056338028,2
8.0,1.0,4685.0,45.0,6.9,1320.0,2868.0,120.0,48.0,12.0,4.05,7.0,1.0,1.0,1.0,1.0,1.0,1.0,0.0,18.0,0.0,3.78576,60.0,678.9855072463768,0.125,0.4602510460251046,2
6.0,128.0,5000.0,18.0,6.67,720.0,1600.0,120.0,108.0,8.0,2.4,7.0,1.0,1.0,1.0,1.0,1.0,1.0,1.0,14.0,0.0,1.152,116.0,749.6251874062968,21.333333333333332,0.45,0
12.0,256.0,5500.0,80.0,6.78,1260.0,2800.0,120.0,50.0,50.0,3.35,7.0,1.0,1.0,1.0,1.0,1.0,0.0,0.0,14.0,1.0,3.528,100.0,811.2094395280236,21.333333333333332,0.45,2
8.0,128.0,5500.0,80.0,6.78,1080.0,2392.0,120.0,50.0,32.0,2.5,7.0,1.0,1.0,1.0,1.0,1.0,0.0,0.0,15.0,0.0,2.58336,82.0,811.2094395280236,16.0,0.451505016722408,1
16.0,256.0,4700.0,45.0,6.4,1280.0,2856.0,120.0,50.0,48.0,2.5,7.0,1.0,1.0,1.0,1.0,1.0,1.0,0.0,16.0,1.0,3.65568,98.0,734.375,16.0,0.4481792717086835,2
8.0,256.0,5500.0,80.0,6.77,1080.0,2392.0,120.0,50.0,16.0,2.63,7.0,1.0,1.0,1.0,1.0,1.0,0.0,0.0,14.0,0.0,2.58336,66.0,812.4076809453471,32.0,0.451505016722408,1
16.0,512.0,6100.0,90.0,6.73,1440.0,3200.0,120.0,50.0,32.0,3.9,7.0,1.0,1.0,1.0,1.0,1.0,1.0,0.0,15.0,0.0,4.608,82.0,906.3893016344724,32.0,0.45,2
12.0,256.0,6100.0,120.0,6.78,1260.0,2800.0,144.0,50.0,16.0,3.63,7.0,1.0,1.0,1.0,1.0,1.0,1.0,0.0,15.0,1.0,3.528,66.0,899.7050147492625,21.333333333333332,0.45,2
8.0,128.0,5000.0,10.0,6.67,720.0,1604.0,120.0,32.0,8.0,2.4,7.0,1.0,1.0,1.0,1.0,1.0,0.0,0.0,14.0,0.0,1.15488,40.0,749.6251874062968,16.0,0.4488778054862843,0
12.0,512.0,5500.0,80.0,6.78,1260.0,2800.0,120.0,50.0,50.0,3.35,7.0,1.0,1.0,1.0,1.0,1.0,0.0,0.0,14.0,0.0,3.528,100.0,811.2094395280236,42.666666666666664,0.45,2
12.0,512.0,5000.0,80.0,6.7,1080.0,2412.0,120.0,50.0,50.0,2.5,7.0,1.0,1.0,1.0,1.0,1.0,1.0,0.0,14.0,0.0,2.60496,100.0,746.2686567164179,42.666666666666664,0.44776119402985076,2
6.0,128.0,5000.0,33.0,6.3,1080.0,2400.0,120.0,50.0,32.0,2.5,7.0,1.0,1.0,1.0,1.0,1.0,0.0,0.0,15.0,0.0,2.592,82.0,793.6507936507936,21.333333333333332,0.45,1
8.0,128.0,5000.0,33.0,6.67,1080.0,2400.0,120.0,50.0,16.0,2.5,7.0,1.0,1.0,1.0,1.0,1.0,0.0,0.0,14.0,0.0,2.592,66.0,749.6251874062968,16.0,0.45,0
16.0,512.0,4400.0,25.0,8.0,1968.0,2184.0,120.0,200.0,16.0,3.3,7.0,1.0,1.0,1.0,1.0,1.0,1.0,0.0,14.0,0.0,4.298112,216.0,550.0,32.0,0.9010989010989011,2
8.0,128.0,5000.0,45.0,6.74,1080.0,2340.0,120.0,50.0,12.0,2.7,7.0,1.0,1.0,1.0,1.0,1.0,0.0,0.0,15.0,0.0,2.5272,62.0,741.8397626112759,16.0,0.46153846153846156,1
12.0,256.0,5800.0,120.0,6.78,1264.0,2780.0,120.0,50.0,16.0,4.32,7.0,1.0,1.0,1.0,1.0,1.0,1.0,0.0,15.0,0.0,3.51392,66.0,855.457227138643,21.333333333333332,0.4546762589928058,2
16.0,512.0,5910.0,80.0,6.78,1264.0,2780.0,120.0,50.0,32.0,3.63,7.0,1.0,1.0,1.0,1.0,1.0,1.0,0.0,15.0,1.0,3.51392,82.0,871.6814159292035,32.0,0.4546762589928058,2
12.0,256.0,5000.0,25.0,6.6,1080.0,2340.0,120.0,50.0,32.0,2.7,7.0,1.0,1.0,1.0,1.0,1.0,1.0,0.0,14.0,0.0,2.5272,82.0,757.5757575757576,21.333333333333332,0.46153846153846156,2
8.0,128.0,5000.0,45.0,6.72,1080.0,2400.0,120.0,50.0,16.0,2.4,7.0,1.0,1.0,1.0,1.0,1.0,0.0,0.0,14.0,0.0,2.592,66.0,744.047619047619,16.0,0.45,0
12.0,512.0,5000.0,120.0,6.67,1220.0,2712.0,120.0,200.0,16.0,2.8,7.0,1.0,1.0,1.0,1.0,1.0,1.0,0.0,13.0,0.0,3.30864,216.0,749.6251874062968,42.666666666666664,0.4498525073746313,1
16.0,512.0,5700.0,100.0,8.03,2200.0,2480.0,120.0,64.0,16.0,3.3,7.0,1.0,1.0,1.0,1.0,1.0,1.0,0.0,14.0,0.0,5.456,80.0,709.8381070983811,32.0,0.8870967741935484,2
8.0,128.0,5000.0,33.0,6.67,1080.0,2400.0,120.0,108.0,16.0,2.4,7.0,1.0,1.0,1.0,1.0,1.0,0.0,0.0,13.0,0.0,2.592,124.0,749.6251874062968,16.0,0.45,0
8.0,256.0,5000.0,45.0,6.78,1080.0,2460.0,120.0,108.0,16.0,2.4,7.0,1.0,1.0,1.0,1.0,1.0,1.0,1.0,13.0,0.0,2.6568,124.0,737.4631268436578,32.0,0.43902439024390244,1
12.0,256.0,6550.0,90.0,6.67,1440.0,3200.0,120.0,50.0,20.0,3.3,7.0,1.0,1.0,1.0,1.0,1.0,1.0,0.0,15.0,1.0,4.608,70.0,982.0089955022489,21.333333333333332,0.45,2
8.0,128.0,5000.0,67.0,6.7,1080.0,2412.0,120.0,50.0,32.0,2.6,7.0,1.0,1.0,1.0,1.0,1.0,1.0,0.0,14.0,0.0,2.60496,82.0,746.2686567164179,16.0,0.44776119402985076,1
12.0,512.0,5000.0,45.0,6.8,1440.0,3088.0,120.0,200.0,12.0,3.36,7.0,1.0,1.0,1.0,1.0,1.0,1.0,0.0,13.0,0.0,4.44672,212.0,735.2941176470589,42.666666666666664,0.46632124352331605,2
8.0,128.0,4385.0,18.0,6.1,1080.0,2400.0,90.0,64.0,13.0,2.85,7.0,1.0,1.0,1.0,1.0,1.0,1.0,0.0,13.0,0.0,2.592,77.0,718.8524590163935,16.0,0.45,1
8.0,128.0,5000.0,100.0,6.74,1240.0,2772.0,120.0,50.0,16.0,3.2,7.0,1.0,1.0,1.0,1.0,1.0,1.0,0.0,13.0,1.0,3.43728,66.0,741.8397626112759,16.0,0.44733044733044736,2
8.0,128.0,5000.0,80.0,6.7,1440.0,3216.0,120.0,50.0,32.0,3.0,7.0,1.0,1.0,1.0,1.0,1.0,1.0,0.0,12.0,1.0,4.63104,82.0,746.2686567164179,16.0,0.44776119402985076,2
6.0,128.0,4500.0,25.0,6.5,1080.0,2400.0,90.0,64.0,32.0,2.3,7.0,1.0,1.0,0.0,1.0,1.0,0.0,1.0,11.0,0.0,2.592,96.0,692.3076923076923,21.333333333333332,0.45,1
1.0,4.0,1325.0,45.0,4.0,720.0,1280.0,120.0,2.0,0.3,2.5,7.0,1.0,0.0,0.0,0.0,1.0,0.0,0.0,5.0,0.0,0.9216,2.3,331.25,4.0,0.5625,0
3.0,64.0,5000.0,15.0,6.67,720.0,1600.0,120.0,8.0,8.0,1.8,7.0,1.0,1.0,0.0,1.0,1.0,1.0,1.0,15.0,0.0,1.152,16.0,749.6251874062968,21.333333333333332,0.45,0
8.0,256.0,4415.0,30.0,6.31,1116.0,2484.0,120.0,50.0,32.0,2.5,7.0,1.0,1.0,1.0,1.0,1.0,1.0,1.0,15.0,0.0,2.772144,82.0,699.6830427892235,32.0,0.4492753623188406,2
12.0,256.0,7000.0,120.0,6.78,1264.0,2780.0,120.0,50.0,32.0,3.4,7.0,1.0,1.0,1.0,1.0,1.0,1.0,0.0,15.0,0.0,3.51392,82.0,1032.448377581121,21.333333333333332,0.4546762589928058,2
8.0,256.0,5000.0,80.0,6.55,1236.0,2750.0,120.0,50.0,16.0,3.2,7.0,1.0,1.0,1.0,1.0,1.0,1.0,0.0,15.0,1.0,3.399,66.0,763.3587786259542,32.0,0.44945454545454544,2
16.0,512.0,6000.0,80.0,6.82,1080.0,2400.0,120.0,50.0,32.0,2.5,7.0,1.0,1.0,1.0,1.0,1.0,1.0,0.0,15.0,1.0,2.592,82.0,879.7653958944281,32.0,0.45,2
12.0,256.0,7800.0,80.0,6.78,1264.0,2780.0,120.0,50.0,16.0,4.32,7.0,1.0,1.0,1.0,1.0,1.0,1.0,0.0,15.0,0.0,3.51392,66.0,1150.442477876106,21.333333333333332,0.4546762589928058,1
8.0,256.0,7620.0,90.0,6.78,1260.0,2800.0,144.0,50.0,16.0,3.25,7.0,1.0,1.0,1.0,1.0,1.0,1.0,0.0,15.0,1.0,3.528,66.0,1123.8938053097345,32.0,0.45,1
4.0,64.0,5000.0,25.0,6.7,720.0,1600.0,120.0,50.0,8.0,2.4,7.0,1.0,1.0,1.0,1.0,1.0,0.0,0.0,15.0,0.0,1.152,58.0,746.2686567164179,16.0,0.45,0
8.0,128.0,5000.0,33.0,6.67,1080.0,2400.0,120.0,64.0,16.0,2.4,7.0,1.0,1.0,1.0,1.0,1.0,0.0,0.0,14.0,0.0,2.592,80.0,749.6251874062968,16.0,0.45,0
12.0,512.0,6500.0,90.0,6.77,1080.0,2392.0,120.0,50.0,16.0,2.4,7.0,1.0,1.0,1.0,1.0,1.0,1.0,0.0,15.0,1.0,2.58336,66.0,960.1181683899557,42.666666666666664,0.451505016722408,2
8.0,256.0,5230.0,35.0,6.7,1080.0,2412.0,120.0,108.0,16.0,2.5,7.0,1.0,1.0,1.0,1.0,1.0,1.0,0.0,15.0,1.0,2.60496,124.0,780.5970149253731,32.0,0.44776119402985076,2
12.0,256.0,6000.0,120.0,6.8,1260.0,2800.0,120.0,200.0,50.0,2.5,7.0,1.0,1.0,1.0,1.0,1.0,1.0,0.0,15.0,0.0,3.528,250.0,882.3529411764706,21.333333333333332,0.45,2
12.0,1.0,5000.0,45.0,6.9,1440.0,3120.0,120.0,200.0,12.0,4.32,7.0,1.0,1.0,1.0,1.0,1.0,1.0,0.0,15.0,0.0,4.4928,212.0,724.6376811594203,0.08333333333333333,0.46153846153846156,2
12.0,512.0,5800.0,80.0,6.83,1272.0,2800.0,120.0,50.0,50.0,3.35,7.0,1.0,1.0,1.0,1.0,1.0,1.0,0.0,15.0,1.0,3.5616,100.0,849.194729136164,42.666666666666664,0.4542857142857143,2
8.0,256.0,5500.0,45.0,6.67,1220.0,2712.0,120.0,50.0,20.0,2.5,7.0,1.0,1.0,1.0,1.0,1.0,1.0,0.0,14.0,1.0,3.30864,70.0,824.5877061469265,32.0,0.4498525073746313,1
8.0,256.0,6200.0,90.0,6.67,1220.0,2712.0,120.0,50.0,20.0,2.5,7.0,1.0,1.0,1.0,1.0,1.0,1.0,0.0,14.0,0.0,3.30864,70.0,929.5352323838081,32.0,0.4498525073746313,2
12.0,256.0,6000.0,200.0,6.8,1264.0,3200.0,144.0,64.0,50.0,2.5,7.0,1.0,1.0,1.0,1.0,1.0,1.0,0.0,15.0,0.0,4.0448,114.0,882.3529411764706,21.333333333333332,0.395,2
8.0,256.0,5500.0,44.0,6.77,1080.0,2392.0,120.0,50.0,16.0,2.5,7.0,1.0,1.0,1.0,1.0,1.0,0.0,0.0,14.0,0.0,2.58336,66.0,812.4076809453471,32.0,0.451505016722408,1
8.0,128.0,5500.0,80.0,6.77,1080.0,2392.0,120.0,50.0,16.0,2.63,7.0,1.0,1.0,1.0,1.0,1.0,0.0,0.0,14.0,0.0,2.58336,66.0,812.4076809453471,16.0,0.451505016722408,1
12.0,256.0,5200.0,80.0,6.7,1080.0,2412.0,120.0,50.0,32.0,2.4,7.0,1.0,1.0,1.0,1.0,1.0,0.0,0.0,14.0,0.0,2.60496,82.0,776.1194029850747,21.333333333333332,0.44776119402985076,1
12.0,512.0,4700.0,67.0,6.55,1236.0,2750.0,120.0,50.0,16.0,3.0,7.0,1.0,1.0,1.0,1.0,1.0,1.0,0.0,14.0,1.0,3.399,66.0,717.557251908397,42.666666666666664,0.44945454545454544,2
8.0,256.0,5100.0,45.0,6.67,720.0,1604.0,120.0,32.0,8.0,2.4,7.0,1.0,1.0,1.0,1.0,1.0,0.0,0.0,14.0,0.0,1.15488,40.0,764.6176911544228,32.0,0.4488778054862843,1
512.0,4.0,2500.0,45.0,2.8,240.0,320.0,120.0,0.3,16.0,2.5,7.0,1.0,1.0,0.0,1.0,0.0,0.0,1.0,14.0,0.0,0.0768,16.3,892.8571428571429,0.0078125,0.75,0
4.0,64.0,5000.0,25.0,6.74,720.0,1600.0,120.0,50.0,8.0,2.0,7.0,1.0,1.0,0.0,1.0,1.0,0.0,1.0,14.0,0.0,1.152,58.0,741.8397626112759,16.0,0.45,0
8.0,256.0,5000.0,18.0,6.78,1080.0,2406.0,120.0,108.0,8.0,2.4,7.0,1.0,1.0,1.0,1.0,1.0,1.0,1.0,14.0,0.0,2.59848,116.0,737.4631268436578,32.0,0.4488778054862843,0
16.0,512.0,5500.0,120.0,6.78,1264.0,2780.0,120.0,50.0,32.0,3.0,7.0,1.0,1.0,1.0,1.0,1.0,1.0,0.0,14.0,0.0,3.51392,82.0,811.2094395280236,32.0,0.4546762589928058,2
12.0,256.0,5000.0,90.0,6.67,1220.0,2712.0,120.0,50.0,20.0,3.0,7.0,1.0,1.0,1.0,1.0,1.0,1.0,0.0,14.0,0.0,3.30864,70.0,749.6251874062968,21.333333333333332,0.4498525073746313,1
8.0,128.0,5000.0,45.0,6.67,1080.0,2400.0,120.0,50.0,16.0,2.6,7.0,1.0,1.0,1.0,1.0,1.0,0.0,0.0,14.0,0.0,2.592,66.0,749.6251874062968,16.0,0.45,0
8.0,128.0,5100.0,45.0,6.67,720.0,1604.0,120.0,50.0,8.0,2.4,7.0,1.0,1.0,1.0,1.0,1.0,0.0,1.0,14.0,0.0,1.15488,58.0,764.6176911544228,16.0,0.4488778054862843,1
16.0,256.0,5060.0,37.0,6.8,1344.0,2992.0,120.0,50.0,42.0,3.1,7.0,1.0,1.0,1.0,1.0,1.0,1.0,0.0,14.0,1.0,4.021248,92.0,744.1176470588235,16.0,0.44919786096256686,2
8.0,256.0,5000.0,44.0,6.67,1080.0,2400.0,120.0,50.0,16.0,2.8,7.0,1.0,1.0,1.0,1.0,1.0,0.0,0.0,14.0,0.0,2.592,66.0,749.6251874062968,32.0,0.45,1
6.0,128.0,5100.0,45.0,6.67,720.0,1604.0,120.0,50.0,5.0,2.4,7.0,1.0,1.0,1.0,1.0,1.0,1.0,1.0,14.0,0.0,1.15488,55.0,764.6176911544228,21.333333333333332,0.4488778054862843,0
8.0,128.0,5000.0,45.0,6.67,1080.0,2412.0,120.0,50.0,32.0,2.4,7.0,1.0,1.0,1.0,1.0,1.0,0.0,0.0,14.0,0.0,2.60496,82.0,749.6251874062968,16.0,0.44776119402985076,1
12.0,256.0,5000.0,45.0,6.7,1084.0,2412.0,120.0,50.0,32.0,2.8,7.0,1.0,1.0,1.0,1.0,1.0,1.0,0.0,14.0,1.0,2.614608,82.0,746.2686567164179,21.333333333333332,0.4494195688225539,1
8.0,256.0,5500.0,80.0,6.78,1260.0,2800.0,120.0,50.0,50.0,3.35,7.0,1.0,1.0,1.0,1.0,1.0,1.0,0.0,14.0,1.0,3.528,100.0,811.2094395280236,32.0,0.45,2
8.0,128.0,5000.0,44.0,6.82,1080.0,2460.0,120.0,108.0,16.0,2.5,7.0,1.0,1.0,1.0,1.0,1.0,0.0,0.0,15.0,0.0,2.6568,124.0,733.1378299120234,16.0,0.43902439024390244,0
6.0,256.0,3349.0,45.0,6.1,1179.0,2556.0,120.0,48.0,12.0,3.46,7.0,1.0,1.0,1.0,1.0,1.0,1.0,0.0,17.0,0.0,3.013524,60.0,549.016393442623,42.666666666666664,0.4612676056338028,2
12.0,256.0,6000.0,33.0,6.5,1080.0,2400.0,120.0,50.0,16.0,2.2,7.0,1.0,1.0,1.0,1.0,1.0,0.0,0.0,13.0,0.0,2.592,66.0,923.0769230769231,21.333333333333332,0.45,1
16.0,256.0,5000.0,67.0,6.7,1080.0,2400.0,120.0,108.0,32.0,3.2,7.0,1.0,1.0,1.0,1.0,1.0,1.0,0.0,13.0,0.0,2.592,140.0,746.2686567164179,16.0,0.45,2
8.0,128.0,5200.0,45.0,6.78,1080.0,2460.0,144.0,200.0,32.0,2.5,7.0,1.0,1.0,1.0,1.0,1.0,0.0,1.0,14.0,0.0,2.6568,232.0,766.9616519174041,16.0,0.43902439024390244,2
8.0,256.0,5000.0,66.0,6.7,1200.0,2664.0,120.0,200.0,50.0,2.36,7.0,1.0,1.0,1.0,1.0,1.0,1.0,0.0,13.0,1.0,3.1968,250.0,746.2686567164179,32.0,0.45045045045045046,1
12.0,512.0,5000.0,250.0,6.8,1440.0,3200.0,165.0,200.0,60.0,2.5,7.0,1.0,1.0,1.0,1.0,1.0,1.0,0.0,14.0,1.0,4.608,260.0,735.2941176470589,42.666666666666664,0.45,2
12.0,256.0,5000.0,120.0,6.78,1260.0,2800.0,120.0,64.0,32.0,3.25,7.0,1.0,1.0,1.0,1.0,1.0,1.0,0.0,14.0,0.0,3.528,96.0,737.4631268436578,21.333333333333332,0.45,2
12.0,256.0,4700.0,27.0,6.3,1080.0,2424.0,120.0,50.0,10.5,3.1,7.0,1.0,1.0,1.0,1.0,1.0,1.0,0.0,14.0,1.0,2.61792,60.5,746.031746031746,21.333333333333332,0.44554455445544555,2
12.0,512.0,4610.0,90.0,6.36,1200.0,2670.0,120.0,50.0,32.0,3.3,7.0,1.0,1.0,1.0,1.0,1.0,1.0,0.0,14.0,0.0,3.204,82.0,724.8427672955975,42.666666666666664,0.449438202247191,2
6.0,128.0,5000.0,45.0,6.55,1080.0,2400.0,120.0,50.0,16.0,2.2,7.0,1.0,1.0,1.0,1.0,1.0,0.0,0.0,12.0,0.0,2.592,66.0,763.3587786259542,21.333333333333332,0.45,0
6.0,128.0,5000.0,33.0,6.59,1080.0,2412.0,120.0,64.0,16.0,2.2,7.0,1.0,1.0,1.0,1.0,1.0,0.0,0.0,12.0,0.0,2.60496,80.0,758.7253414264037,21.333333333333332,0.44776119402985076,1
12.0,128.0,5000.0,30.0,6.7,1440.0,3120.0,120.0,50.0,10.8,2.85,7.0,1.0,1.0,1.0,1.0,1.0,1.0,0.0,13.0,1.0,4.4928,60.8,746.2686567164179,10.666666666666666,0.46153846153846156,2
3.0,32.0,4000.0,45.0,6.1,720.0,1560.0,120.0,13.0,5.0,2.0,7.0,1.0,1.0,0.0,1.0,1.0,0.0,1.0,9.0,0.0,1.1232,18.0,655.7377049180328,10.666666666666666,0.46153846153846156,0
12.0,512.0,5050.0,33.0,4.5,1440.0,1440.0,120.0,50.0,32.0,2.5,7.0,1.0,1.0,1.0,1.0,1.0,1.0,0.0,15.0,0.0,2.0736,82.0,1122.2222222222222,42.666666666666664,1.0,2
12.0,256.0,7000.0,120.0,6.8,1280.0,2800.0,120.0,50.0,32.0,3.25,7.0,1.0,1.0,1.0,1.0,1.0,1.0,0.0,15.0,0.0,3.584,82.0,1029.4117647058824,21.333333333333332,0.45714285714285713,2
6.0,128.0,5500.0,45.0,6.68,720.0,1608.0,120.0,50.0,8.0,2.5,7.0,1.0,1.0,1.0,1.0,1.0,0.0,0.0,15.0,0.0,1.15776,58.0,823.3532934131737,21.333333333333332,0.44776119402985076,0
8.0,128.0,6000.0,48.0,6.81,1080.0,2392.0,144.0,50.0,32.0,2.5,7.0,1.0,1.0,1.0,1.0,1.0,0.0,0.0,16.0,0.0,2.58336,82.0,881.057268722467,16.0,0.451505016722408,1
4.0,64.0,5000.0,45.0,6.75,720.0,1600.0,90.0,13.0,5.0,2.5,7.0,1.0,1.0,1.0,1.0,1.0,0.0,1.0,15.0,0.0,1.152,18.0,740.7407407407408,16.0,0.45,0
12.0,256.0,4000.0,25.0,6.7,1440.0,3120.0,120.0,200.0,20.0,2.5,7.0,1.0,1.0,1.0,1.0,1.0,1.0,0.0,15.0,1.0,4.4928,220.0,597.0149253731344,21.333333333333332,0.46153846153846156,2
8.0,256.0,1100.0,45.0,1.8,128.0,160.0,120.0,50.0,16.0,2.5,7.0,0.0,0.0,0.0,0.0,0.0,0.0,0.0,14.0,0.0,0.02048,66.0,611.1111111111111,32.0,0.8,0
8.0,128.0,5000.0,45.0,6.7,1080.0,2400.0,120.0,50.0,8.0,2.5,7.0,1.0,1.0,1.0,1.0,1.0,1.0,1.0,15.0,0.0,2.592,58.0,746.2686567164179,16.0,0.45,1
8.0,256.0,800.0,45.0,1.77,128.0,160.0,120.0,50.0,16.0,2.5,7.0,0.0,0.0,0.0,0.0,0.0,0.0,1.0,14.0,0.0,0.02048,66.0,451.9774011299435,32.0,0.8,0
4.0,128.0,5160.0,18.0,6.88,720.0,1650.0,120.0,50.0,5.0,2.0,7.0,1.0,1.0,1.0,1.0,1.0,0.0,1.0,14.0,0.0,1.188,55.0,750.0,32.0,0.43636363636363634,0
8.0,256.0,5800.0,45.0,6.67,720.0,1604.0,120.0,50.0,8.0,2.4,7.0,1.0,1.0,1.0,1.0,1.0,0.0,0.0,15.0,1.0,1.15488,58.0,869.5652173913044,32.0,0.4488778054862843,1
4.0,128.0,5200.0,15.0,6.88,720.0,1650.0,120.0,32.0,8.0,1.8,7.0,1.0,1.0,0.0,1.0,1.0,0.0,1.0,15.0,0.0,1.188,40.0,755.8139534883721,32.0,0.43636363636363634,0
4.0,128.0,5000.0,33.0,6.8,1080.0,2400.0,120.0,64.0,13.0,2.4,7.0,1.0,1.0,1.0,1.0,1.0,0.0,0.0,15.0,0.0,2.592,77.0,735.2941176470589,32.0,0.45,0
4.0,64.0,5500.0,15.0,6.74,720.0,1600.0,90.0,13.0,5.0,2.4,7.0,1.0,1.0,1.0,1.0,1.0,0.0,1.0,15.0,0.0,1.152,18.0,816.0237388724036,16.0,0.45,0
8.0,256.0,6500.0,44.0,6.68,720.0,1608.0,120.0,50.0,8.0,2.2,7.0,1.0,1.0,1.0,1.0,1.0,0.0,0.0,15.0,0.0,1.15776,58.0,973.0538922155689,32.0,0.44776119402985076,1
12.0,256.0,6000.0,80.0,6.7,1080.0,2412.0,120.0,50.0,16.0,2.5,7.0,1.0,1.0,1.0,1.0,1.0,0.0,0.0,14.0,1.0,2.60496,66.0,895.5223880597015,21.333333333333332,0.44776119402985076,2
12.0,128.0,4000.0,25.0,6.2,1080.0,2340.0,120.0,50.0,12.0,4.47,7.0,1.0,1.0,1.0,1.0,1.0,1.0,0.0,15.0,1.0,2.5272,62.0,645.1612903225806,10.666666666666666,0.46153846153846156,2
8.0,256.0,5000.0,45.0,6.7,1080.0,2340.0,120.0,50.0,12.0,2.9,7.0,1.0,1.0,1.0,1.0,1.0,1.0,0.0,15.0,1.0,2.5272,62.0,746.2686567164179,32.0,0.46153846153846156,2
8.0,128.0,7000.0,25.0,6.67,1080.0,2408.0,120.0,50.0,16.0,2.5,7.0,1.0,1.0,1.0,1.0,1.0,1.0,1.0,16.0,0.0,2.60064,66.0,1049.4752623688155,16.0,0.4485049833887043,1
8.0,128.0,5200.0,45.0,6.78,1080.0,2436.0,120.0,50.0,32.0,2.2,7.0,1.0,1.0,1.0,1.0,1.0,1.0,1.0,15.0,0.0,2.63088,82.0,766.9616519174041,16.0,0.4433497536945813,1
8.0,256.0,5700.0,80.0,6.74,1240.0,2740.0,144.0,50.0,32.0,2.5,7.0,1.0,1.0,1.0,1.0,1.0,0.0,1.0,16.0,0.0,3.3976,82.0,845.6973293768546,32.0,0.45255474452554745,1
16.0,512.0,4700.0,68.0,7.0,1224.0,2992.0,165.0,50.0,50.0,4.32,7.0,1.0,1.0,1.0,1.0,1.0,1.0,0.0,14.0,0.0,3.662208,100.0,671.4285714285714,32.0,0.4090909090909091,2
6.0,128.0,5500.0,44.0,6.68,720.0,1608.0,120.0,50.0,8.0,2.4,7.0,1.0,1.0,1.0,1.0,1.0,0.0,0.0,14.0,0.0,1.15776,58.0,823.3532934131737,21.333333333333332,0.44776119402985076,1
8.0,256.0,5160.0,45.0,6.7,1080.0,2400.0,120.0,50.0,13.0,2.5,7.0,1.0,1.0,0.0,1.0,1.0,0.0,0.0,14.0,1.0,2.592,63.0,770.1492537313433,32.0,0.45,2
6.0,128.0,5000.0,25.0,6.7,1080.0,2340.0,90.0,50.0,13.0,2.4,7.0,1.0,1.0,1.0,1.0,1.0,1.0,0.0,14.0,0.0,2.5272,63.0,746.2686567164179,21.333333333333332,0.46153846153846156,1
8.0,128.0,5200.0,45.0,6.7,1080.0,2412.0,120.0,50.0,32.0,2.4,7.0,1.0,1.0,1.0,1.0,1.0,0.0,0.0,14.0,1.0,2.60496,82.0,776.1194029850747,16.0,0.44776119402985076,1
8.0,256.0,5000.0,66.0,6.78,1200.0,2652.0,120.0,50.0,16.0,2.5,7.0,1.0,1.0,1.0,1.0,1.0,0.0,0.0,14.0,0.0,3.1824,66.0,737.4631268436578,32.0,0.45248868778280543,1
8.0,256.0,3582.0,45.0,6.3,1206.0,2622.0,120.0,48.0,12.0,4.05,7.0,1.0,1.0,1.0,1.0,1.0,1.0,0.0,18.0,0.0,3.162132,60.0,568.5714285714286,32.0,0.459954233409611,2
512.0,4.0,2000.0,45.0,2.4,240.0,320.0,120.0,0.3,0.3,2.5,7.0,0.0,1.0,0.0,1.0,1.0,0.0,1.0,2.5,0.0,0.0768,0.6,833.3333333333334,0.0078125,0.75,0
12.0,256.0,5600.0,80.0,8.12,2248.0,2480.0,120.0,50.0,16.0,4.32,7.0,1.0,1.0,1.0,1.0,1.0,1.0,0.0,14.0,0.0,5.57504,66.0,689.6551724137931,21.333333333333332,0.9064516129032258,2
4.0,128.0,5500.0,25.0,6.7,720.0,1600.0,90.0,50.0,16.0,2.5,7.0,1.0,1.0,1.0,1.0,1.0,0.0,1.0,14.0,0.0,1.152,66.0,820.8955223880597,32.0,0.45,0
3.0,64.0,5000.0,45.0,6.67,720.0,1600.0,90.0,13.0,16.0,2.5,7.0,1.0,1.0,0.0,1.0,1.0,0.0,1.0,14.0,0.0,1.152,29.0,749.6251874062968,21.333333333333332,0.45,0
12.0,512.0,5200.0,100.0,6.7,1200.0,2664.0,120.0,50.0,50.0,2.63,7.0,1.0,1.0,1.0,1.0,1.0,1.0,0.0,14.0,1.0,3.1968,100.0,776.1194029850747,42.666666666666664,0.45045045045045046,1
4.0,64.0,5000.0,25.0,6.74,720.0,1600.0,120.0,50.0,8.0,2.0,7.0,1.0,1.0,0.0,1.0,1.0,0.0,1.0,14.0,0.0,1.152,58.0,741.8397626112759,16.0,0.45,0
4.0,128.0,5000.0,15.0,6.56,720.0,1612.0,90.0,50.0,8.0,2.4,7.0,1.0,1.0,1.0,1.0,1.0,0.0,0.0,14.0,0.0,1.16064,58.0,762.1951219512196,32.0,0.4466501240694789,0
4.0,128.0,5000.0,15.0,6.56,720.0,1600.0,90.0,50.0,8.0,2.4,7.0,1.0,1.0,1.0,1.0,1.0,0.0,0.0,14.0,0.0,1.152,58.0,762.1951219512196,32.0,0.45,0
12.0,256.0,5000.0,45.0,6.7,1080.0,2400.0,120.0,50.0,50.0,2.4,7.0,1.0,1.0,1.0,1.0,1.0,1.0,0.0,14.0,0.0,2.592,100.0,746.2686567164179,21.333333333333332,0.45,1
12.0,256.0,6100.0,100.0,6.82,1440.0,3168.0,120.0,50.0,32.0,4.32,7.0,1.0,1.0,1.0,1.0,1.0,1.0,0.0,15.0,1.0,4.56192,82.0,894.4281524926686,21.333333333333332,0.45454545454545453,2
8.0,256.0,5000.0,33.0,6.78,1080.0,2436.0,120.0,108.0,32.0,2.2,7.0,1.0,1.0,1.0,1.0,1.0,1.0,0.0,14.0,0.0,2.63088,140.0,737.4631268436578,32.0,0.4433497536945813,1
16.0,1.0,7410.0,100.0,6.83,1280.0,2772.0,144.0,50.0,20.0,3.63,7.0,1.0,1.0,1.0,1.0,1.0,1.0,0.0,15.0,1.0,3.54816,70.0,1084.9194729136163,0.0625,0.46176046176046176,2
6.0,128.0,6000.0,25.0,6.5,1080.0,2340.0,120.0,50.0,16.0,2.5,7.0,1.0,1.0,1.0,1.0,1.0,1.0,0.0,14.0,0.0,2.5272,66.0,923.0769230769231,21.333333333333332,0.46153846153846156,1
6.0,128.0,5000.0,45.0,6.67,1080.0,2400.0,120.0,50.0,16.0,2.6,7.0,1.0,1.0,1.0,1.0,1.0,0.0,0.0,14.0,0.0,2.592,66.0,749.6251874062968,21.333333333333332,0.45,0
12.0,256.0,4500.0,125.0,6.7,1220.0,2712.0,144.0,50.0,50.0,2.63,7.0,1.0,1.0,1.0,1.0,1.0,1.0,0.0,14.0,1.0,3.30864,100.0,671.6417910447761,21.333333333333332,0.4498525073746313,1
8.0,128.0,5000.0,44.0,6.78,2400.0,1080.0,120.0,64.0,16.0,2.2,7.0,1.0,1.0,1.0,1.0,1.0,0.0,0.0,14.0,1.0,2.592,80.0,737.4631268436578,16.0,2.2222222222222223,1
8.0,256.0,1450.0,45.0,2.8,240.0,320.0,120.0,2.0,16.0,1.0,7.0,1.0,1.0,0.0,1.0,0.0,0.0,1.0,14.0,0.0,0.0768,18.0,517.8571428571429,32.0,0.75,0
8.0,256.0,5000.0,67.0,6.7,1080.0,2412.0,120.0,64.0,32.0,2.6,7.0,1.0,1.0,1.0,1.0,1.0,0.0,0.0,14.0,0.0,2.60496,96.0,746.2686567164179,32.0,0.44776119402985076,1
8.0,128.0,5000.0,33.0,6.78,1080.0,2436.0,120.0,50.0,8.0,2.2,7.0,1.0,1.0,0.0,1.0,1.0,1.0,1.0,14.0,0.0,2.63088,58.0,737.4631268436578,16.0,0.4433497536945813,1
4.0,128.0,5000.0,18.0,6.7,720.0,1600.0,120.0,48.0,8.0,2.0,7.0,1.0,1.0,0.0,1.0,1.0,0.0,1.0,14.0,0.0,1.152,56.0,746.2686567164179,32.0,0.45,0
8.0,128.0,5000.0,15.0,6.56,720.0,1600.0,90.0,16.0,5.0,1.6,7.0,1.0,1.0,0.0,1.0,1.0,0.0,1.0,14.0,0.0,1.152,21.0,762.1951219512196,16.0,0.45,0
4.0,64.0,5000.0,15.0,6.56,720.0,1612.0,90.0,13.0,5.0,2.0,7.0,1.0,1.0,0.0,1.0,1.0,0.0,1.0,14.0,0.0,1.16064,18.0,762.1951219512196,16.0,0.4466501240694789,0
12.0,1.0,5000.0,45.0,6.8,1440.0,3120.0,120.0,200.0,12.0,3.3,7.0,1.0,1.0,1.0,1.0,1.0,1.0,0.0,14.0,0.0,4.4928,212.0,735.2941176470589,0.08333333333333333,0.46153846153846156,2
12.0,256.0,5100.0,67.0,6.67,1220.0,2712.0,120.0,200.0,16.0,2.4,7.0,1.0,1.0,1.0,1.0,1.0,0.0,0.0,13.0,1.0,3.30864,216.0,764.6176911544228,21.333333333333332,0.4498525073746313,1
4.0,128.0,5000.0,18.0,6.74,720.0,1600.0,90.0,50.0,5.0,2.2,7.0,1.0,1.0,1.0,1.0,1.0,0.0,1.0,13.0,0.0,1.152,55.0,741.8397626112759,32.0,0.45,0
8.0,512.0,4441.0,45.0,6.7,1290.0,2796.0,120.0,48.0,12.0,3.78,7.0,1.0,1.0,1.0,1.0,1.0,1.0,0.0,17.0,0.0,3.60684,60.0,662.8358208955224,64.0,0.4613733905579399,2
8.0,256.0,5000.0,18.0,6.79,1080.0,2460.0,90.0,50.0,8.0,2.2,7.0,1.0,1.0,1.0,1.0,1.0,0.0,0.0,13.0,0.0,2.6568,58.0,736.3770250368188,32.0,0.43902439024390244,0
8.0,256.0,4500.0,22.5,6.6,1080.0,2408.0,120.0,50.0,8.0,2.7,7.0,1.0,1.0,1.0,1.0,1.0,1.0,0.0,13.0,0.0,2.60064,58.0,681.8181818181819,32.0,0.4485049833887043,1
12.0,256.0,5000.0,67.0,6.9,1400.0,3200.0,120.0,200.0,32.0,3.2,7.0,1.0,1.0,1.0,1.0,1.0,0.0,1.0,13.0,0.0,4.48,232.0,724.6376811594203,21.333333333333332,0.4375,2
8.0,256.0,5000.0,68.0,6.78,1080.0,2400.0,144.0,108.0,50.0,2.6,7.0,1.0,1.0,1.0,1.0,1.0,1.0,0.0,13.0,0.0,2.592,158.0,737.4631268436578,32.0,0.45,1
12.0,256.0,5000.0,67.0,6.67,1080.0,2400.0,120.0,64.0,16.0,2.91,7.0,1.0,1.0,1.0,1.0,1.0,0.0,0.0,13.0,1.0,2.592,80.0,749.6251874062968,21.333333333333332,0.45,1
8.0,128.0,5000.0,45.0,6.67,1080.0,2400.0,120.0,50.0,50.0,2.4,7.0,1.0,1.0,1.0,1.0,1.0,1.0,0.0,14.0,0.0,2.592,100.0,749.6251874062968,16.0,0.45,1
8.0,128.0,5500.0,100.0,6.78,1264.0,2780.0,120.0,50.0,16.0,3.2,7.0,1.0,1.0,1.0,1.0,1.0,1.0,0.0,14.0,1.0,3.51392,66.0,811.2094395280236,16.0,0.4546762589928058,2
4.0,128.0,6000.0,25.0,6.45,1080.0,2340.0,90.0,50.0,13.0,2.2,7.0,1.0,1.0,1.0,1.0,1.0,0.0,0.0,14.0,0.0,2.5272,63.0,930.2325581395348,32.0,0.46153846153846156,0
8.0,128.0,5000.0,30.0,6.5,1080.0,2400.0,120.0,50.0,16.0,2.2,7.0,1.0,1.0,1.0,1.0,1.0,1.0,0.0,13.0,0.0,2.592,66.0,769.2307692307693,16.0,0.45,0
8.0,128.0,4575.0,30.0,6.2,1080.0,2400.0,120.0,50.0,10.5,3.0,7.0,1.0,1.0,1.0,1.0,1.0,1.0,0.0,14.0,1.0,2.592,60.5,737.9032258064516,16.0,0.45,2
8.0,128.0,4500.0,67.0,6.67,1080.0,2400.0,120.0,64.0,20.0,3.2,7.0,1.0,1.0,1.0,1.0,1.0,1.0,0.0,12.0,1.0,2.592,84.0,674.6626686656672,16.0,0.45,1
12.0,256.0,4820.0,120.0,6.73,1440.0,3200.0,120.0,50.0,32.0,3.2,7.0,1.0,1.0,1.0,1.0,1.0,1.0,0.0,13.0,0.0,4.608,82.0,716.1961367013372,21.333333333333332,0.45,2
8.0,128.0,5000.0,80.0,6.7,1080.0,2412.0,120.0,50.0,16.0,2.7,7.0,1.0,1.0,1.0,1.0,1.0,1.0,0.0,13.0,0.0,2.60496,66.0,746.2686567164179,16.0,0.44776119402985076,1
8.0,128.0,5000.0,100.0,6.7,1440.0,3216.0,120.0,50.0,16.0,3.2,7.0,1.0,1.0,1.0,1.0,1.0,1.0,0.0,13.0,0.0,4.63104,66.0,746.2686567164179,16.0,0.44776119402985076,2
8.0,128.0,5000.0,25.0,6.5,1080.0,2400.0,120.0,64.0,32.0,2.4,7.0,1.0,1.0,1.0,1.0,1.0,1.0,1.0,12.0,0.0,2.592,96.0,769.2307692307693,16.0,0.45,1
8.0,128.0,4355.0,30.0,6.3,1080.0,2400.0,90.0,50.0,10.8,2.85,7.0,1.0,1.0,1.0,1.0,1.0,1.0,0.0,13.0,1.0,2.592,60.8,691.2698412698413,16.0,0.45,2
512.0,4.0,1500.0,45.0,2.8,240.0,320.0,120.0,2.0,16.0,1.1,7.0,1.0,1.0,0.0,1.0,1.0,0.0,1.0,14.0,0.0,0.0768,18.0,535.7142857142858,0.0078125,0.75,0
8.0,128.0,4500.0,25.0,6.4,1080.0,2340.0,120.0,12.0,32.0,2.9,7.0,1.0,1.0,1.0,1.0,1.0,1.0,0.0,12.0,0.0,2.5272,44.0,703.125,16.0,0.46153846153846156,2
8.0,256.0,1000.0,45.0,2.0,320.0,240.0,120.0,0.3,16.0,2.5,7.0,0.0,0.0,0.0,0.0,0.0,0.0,1.0,30.0,0.0,0.0768,16.3,500.0,32.0,1.3333333333333333,0
4.0,128.0,6000.0,15.0,6.67,720.0,1604.0,120.0,32.0,8.0,2.4,7.0,1.0,1.0,1.0,1.0,1.0,0.0,0.0,15.0,0.0,1.15488,40.0,899.5502248875563,32.0,0.4488778054862843,0
8.0,256.0,5700.0,45.0,6.78,1080.0,2436.0,144.0,50.0,13.0,2.5,7.0,1.0,1.0,0.0,1.0,1.0,1.0,1.0,16.0,0.0,2.63088,63.0,840.7079646017698,32.0,0.4433497536945813,1
8.0,256.0,6200.0,100.0,6.78,1460.0,3200.0,120.0,50.0,50.0,2.5,7.0,1.0,1.0,1.0,1.0,1.0,0.0,0.0,16.0,1.0,4.672,100.0,914.4542772861356,32.0,0.45625,2
8.0,256.0,6520.0,33.0,6.67,1260.0,2712.0,120.0,50.0,32.0,2.5,7.0,1.0,1.0,1.0,1.0,1.0,1.0,1.0,15.0,0.0,3.41712,82.0,977.5112443778111,32.0,0.4646017699115044,1
12.0,256.0,7000.0,100.0,6.78,1440.0,3168.0,120.0,50.0,32.0,2.5,7.0,1.0,1.0,1.0,1.0,1.0,1.0,0.0,15.0,0.0,4.56192,82.0,1032.448377581121,21.333333333333332,0.45454545454545453,2
6.0,128.0,6000.0,44.0,6.68,720.0,1608.0,90.0,50.0,5.0,1.8,7.0,1.0,1.0,0.0,1.0,1.0,0.0,1.0,15.0,0.0,1.15776,55.0,898.2035928143713,21.333333333333332,0.44776119402985076,0
12.0,256.0,5000.0,20.0,6.78,1080.0,2460.0,120.0,50.0,16.0,2.5,7.0,1.0,1.0,1.0,1.0,1.0,1.0,1.0,15.0,0.0,2.6568,66.0,737.4631268436578,21.333333333333332,0.43902439024390244,2
12.0,256.0,6800.0,120.0,6.82,1440.0,3168.0,144.0,50.0,16.0,4.32,7.0,1.0,1.0,1.0,1.0,1.0,1.0,0.0,15.0,1.0,4.56192,66.0,997.0674486803518,21.333333333333332,0.45454545454545453,2
4.0,128.0,5200.0,18.0,6.75,720.0,1600.0,120.0,13.0,8.0,1.8,7.0,1.0,1.0,0.0,1.0,1.0,0.0,1.0,14.0,0.0,1.152,21.0,770.3703703703703,32.0,0.45,0
6.0,128.0,5500.0,15.0,6.56,720.0,1612.0,90.0,13.0,5.0,2.5,7.0,1.0,1.0,1.0,1.0,1.0,0.0,1.0,14.0,0.0,1.16064,18.0,838.4146341463415,21.333333333333332,0.4466501240694789,0
8.0,256.0,5000.0,45.0,6.74,1080.0,2340.0,120.0,50.0,12.0,2.7,7.0,1.0,1.0,1.0,1.0,1.0,0.0,0.0,15.0,1.0,2.5272,62.0,741.8397626112759,32.0,0.46153846153846156,2
8.0,256.0,6000.0,80.0,6.72,1080.0,2392.0,120.0,50.0,16.0,2.6,7.0,1.0,1.0,1.0,1.0,1.0,0.0,0.0,15.0,1.0,2.58336,66.0,892.8571428571429,32.0,0.451505016722408,1
12.0,256.0,6000.0,80.0,6.8,1116.0,2480.0,120.0,50.0,16.0,3.3,7.0,1.0,1.0,1.0,1.0,1.0,1.0,0.0,15.0,1.0,2.76768,66.0,882.3529411764706,21.333333333333332,0.45,2
12.0,512.0,5600.0,80.0,6.59,1256.0,2760.0,120.0,50.0,50.0,3.35,7.0,1.0,1.0,1.0,1.0,1.0,1.0,0.0,15.0,1.0,3.46656,100.0,849.7723823975721,42.666666666666664,0.45507246376811594,2
8.0,256.0,5000.0,25.0,6.7,1080.0,2340.0,120.0,50.0,13.0,2.4,7.0,1.0,1.0,1.0,1.0,1.0,1.0,0.0,15.0,0.0,2.5272,63.0,746.2686567164179,32.0,0.46153846153846156,1
12.0,256.0,6000.0,120.0,6.82,1260.0,2800.0,144.0,50.0,16.0,4.32,7.0,1.0,1.0,1.0,1.0,1.0,1.0,0.0,15.0,1.0,3.528,66.0,879.7653958944281,21.333333333333332,0.45,2
8.0,128.0,5030.0,45.0,6.1,1170.0,2532.0,120.0,50.0,24.0,2.5,7.0,1.0,1.0,1.0,1.0,1.0,1.0,0.0,19.0,1.0,2.96244,74.0,824.5901639344263,16.0,0.46208530805687204,2
8.0,128.0,5200.0,20.0,6.36,1080.0,2424.0,120.0,50.0,12.0,2.5,7.0,1.0,1.0,1.0,1.0,1.0,1.0,0.0,16.0,0.0,2.61792,62.0,817.6100628930817,16.0,0.44554455445544555,2
4.0,64.0,5000.0,15.0,6.6,720.0,1612.0,90.0,13.0,5.0,1.8,7.0,1.0,1.0,0.0,1.0,1.0,0.0,1.0,14.0,0.0,1.16064,18.0,757.5757575757576,16.0,0.4466501240694789,0
8.0,128.0,6000.0,45.0,6.67,1080.0,2400.0,120.0,50.0,32.0,2.5,7.0,1.0,1.0,1.0,1.0,1.0,0.0,0.0,15.0,0.0,2.592,82.0,899.5502248875563,16.0,0.45,1
8.0,128.0,5150.0,67.0,6.79,2400.0,1080.0,120.0,50.0,32.0,2.5,7.0,1.0,1.0,1.0,1.0,1.0,0.0,0.0,15.0,1.0,2.592,82.0,758.4683357879234,16.0,2.2222222222222223,1
8.0,256.0,5000.0,80.0,6.67,1080.0,2400.0,120.0,50.0,32.0,2.2,7.0,1.0,1.0,1.0,1.0,1.0,0.0,0.0,14.0,0.0,2.592,82.0,749.6251874062968,32.0,0.45,1
8.0,256.0,5000.0,25.0,6.7,1080.0,2340.0,90.0,50.0,13.0,2.4,7.0,1.0,1.0,1.0,1.0,1.0,1.0,0.0,14.0,0.0,2.5272,63.0,746.2686567164179,32.0,0.46153846153846156,1
512.0,4.0,1000.0,45.0,1.77,240.0,320.0,120.0,0.3,16.0,2.5,7.0,1.0,1.0,0.0,1.0,0.0,0.0,1.0,14.0,0.0,0.0768,16.3,564.9717514124294,0.0078125,0.75,0
12.0,256.0,6150.0,80.0,6.85,1216.0,2688.0,144.0,64.0,16.0,4.32,7.0,1.0,1.0,1.0,1.0,1.0,1.0,0.0,15.0,1.0,3.268608,80.0,897.8102189781023,21.333333333333332,0.4523809523809524,2
12.0,256.0,5000.0,45.0,6.74,1800.0,3200.0,144.0,50.0,32.0,2.5,7.0,1.0,1.0,1.0,1.0,1.0,1.0,0.0,14.0,0.0,5.76,82.0,741.8397626112759,21.333333333333332,0.5625,2
4.0,128.0,5000.0,18.0,6.67,720.0,1612.0,120.0,48.0,8.0,2.4,7.0,1.0,1.0,1.0,1.0,1.0,1.0,1.0,14.0,0.0,1.16064,56.0,749.6251874062968,32.0,0.4466501240694789,0
8.0,256.0,5000.0,80.0,6.31,1260.0,2400.0,120.0,50.0,50.0,3.63,7.0,1.0,1.0,1.0,1.0,1.0,1.0,0.0,15.0,0.0,3.024,100.0,792.393026941363,32.0,0.525,2
16.0,512.0,5800.0,65.0,6.78,1080.0,2400.0,185.0,50.0,32.0,4.32,7.0,1.0,1.0,1.0,1.0,1.0,1.0,0.0,15.0,1.0,2.592,82.0,855.457227138643,32.0,0.45,2
12.0,256.0,5200.0,80.0,6.7,1080.0,2412.0,120.0,50.0,32.0,2.4,7.0,1.0,1.0,1.0,1.0,1.0,0.0,0.0,14.0,1.0,2.60496,82.0,776.1194029850747,21.333333333333332,0.44776119402985076,1
8.0,256.0,5000.0,45.0,6.72,1080.0,2400.0,120.0,50.0,16.0,2.4,7.0,1.0,1.0,1.0,1.0,1.0,0.0,0.0,14.0,0.0,2.592,66.0,744.047619047619,32.0,0.45,1
12.0,256.0,4600.0,100.0,6.78,1080.0,2436.0,120.0,108.0,32.0,2.2,7.0,1.0,1.0,1.0,1.0,1.0,1.0,0.0,14.0,0.0,2.63088,140.0,678.4660766961651,21.333333333333332,0.4433497536945813,1
4.0,64.0,5000.0,15.0,6.67,720.0,1600.0,120.0,13.0,8.0,1.8,7.0,1.0,1.0,0.0,1.0,1.0,0.0,1.0,14.0,0.0,1.152,21.0,749.6251874062968,16.0,0.45,0
6.0,128.0,5100.0,45.0,6.67,720.0,1604.0,120.0,50.0,5.0,2.4,7.0,1.0,1.0,1.0,1.0,1.0,0.0,0.0,14.0,0.0,1.15488,55.0,764.6176911544228,21.333333333333332,0.4488778054862843,0
4.0,64.0,5100.0,45.0,6.67,720.0,1604.0,90.0,8.0,5.0,2.5,7.0,1.0,1.0,0.0,1.0,1.0,0.0,0.0,14.0,0.0,1.15488,13.0,764.6176911544228,16.0,0.4488778054862843,0
12.0,256.0,5000.0,45.0,6.78,1080.0,2400.0,144.0,108.0,50.0,3.1,7.0,1.0,1.0,1.0,1.0,1.0,1.0,0.0,14.0,0.0,2.592,158.0,737.4631268436578,21.333333333333332,0.45,1
12.0,256.0,4310.0,65.0,6.7,2790.0,1188.0,120.0,50.0,16.0,3.2,7.0,1.0,1.0,1.0,0.0,1.0,1.0,0.0,13.0,0.0,3.31452,66.0,643.2835820895522,21.333333333333332,2.3484848484848486,2
12.0,256.0,7000.0,80.0,6.78,1264.0,2780.0,120.0,50.0,16.0,3.25,7.0,1.0,1.0,1.0,1.0,1.0,1.0,0.0,15.0,1.0,3.51392,66.0,1032.448377581121,21.333333333333332,0.4546762589928058,1
6.0,128.0,6000.0,44.0,6.72,1080.0,2408.0,120.0,50.0,8.0,2.2,7.0,1.0,1.0,1.0,1.0,1.0,0.0,0.0,14.0,0.0,2.60064,58.0,892.8571428571429,21.333333333333332,0.4485049833887043,0
8.0,128.0,6000.0,33.0,6.6,1080.0,2400.0,120.0,50.0,32.0,2.6,7.0,1.0,1.0,1.0,1.0,1.0,0.0,0.0,15.0,0.0,2.592,82.0,909.0909090909091,16.0,0.45,1
8.0,128.0,5000.0,18.0,6.5,1600.0,720.0,90.0,50.0,8.0,2.0,7.0,1.0,1.0,0.0,1.0,1.0,0.0,1.0,13.0,0.0,1.152,58.0,769.2307692307693,16.0,2.2222222222222223,0
12.0,256.0,5000.0,33.0,6.67,1080.0,2400.0,120.0,108.0,16.0,2.4,7.0,1.0,1.0,1.0,1.0,1.0,0.0,0.0,13.0,0.0,2.592,124.0,749.6251874062968,21.333333333333332,0.45,1
8.0,128.0,5000.0,67.0,6.7,1080.0,2412.0,120.0,64.0,32.0,2.6,7.0,1.0,1.0,1.0,1.0,1.0,0.0,0.0,14.0,0.0,2.60496,96.0,746.2686567164179,16.0,0.44776119402985076,1
12.0,256.0,6100.0,100.0,6.78,1264.0,2780.0,120.0,50.0,16.0,3.3,7.0,1.0,1.0,1.0,1.0,1.0,1.0,0.0,14.0,0.0,3.51392,66.0,899.7050147492625,21.333333333333332,0.4546762589928058,2
8.0,128.0,5200.0,45.0,6.7,1080.0,2412.0,120.0,50.0,32.0,2.4,7.0,1.0,1.0,1.0,1.0,1.0,0.0,0.0,14.0,1.0,2.60496,82.0,776.1194029850747,16.0,0.44776119402985076,1
8.0,256.0,5000.0,67.0,6.7,1080.0,2412.0,120.0,64.0,32.0,2.4,7.0,1.0,1.0,1.0,1.0,1.0,0.0,0.0,14.0,0.0,2.60496,96.0,746.2686567164179,32.0,0.44776119402985076,1
12.0,512.0,4900.0,45.0,6.7,1440.0,3120.0,120.0,50.0,12.0,3.2,7.0,1.0,1.0,1.0,1.0,1.0,1.0,0.0,14.0,1.0,4.4928,62.0,731.3432835820895,42.666666666666664,0.46153846153846156,2
4.0,128.0,5000.0,18.0,6.74,720.0,1600.0,90.0,50.0,5.0,2.2,7.0,1.0,1.0,1.0,1.0,1.0,1.0,1.0,13.0,0.0,1.152,55.0,741.8397626112759,32.0,0.45,0
12.0,512.0,5000.0,70.0,6.77,1264.0,2780.0,120.0,50.0,50.0,3.1,7.0,1.0,1.0,1.0,1.0,1.0,1.0,0.0,14.0,0.0,3.51392,100.0,738.5524372230428,42.666666666666664,0.4546762589928058,1
8.0,128.0,5000.0,25.0,6.5,1080.0,2340.0,90.0,50.0,13.0,2.2,7.0,1.0,1.0,1.0,1.0,1.0,0.0,0.0,14.0,0.0,2.5272,63.0,769.2307692307693,16.0,0.46153846153846156,1
8.0,128.0,6000.0,33.0,6.5,1080.0,2400.0,120.0,50.0,16.0,2.2,7.0,1.0,1.0,1.0,1.0,1.0,0.0,0.0,13.0,0.0,2.592,66.0,923.0769230769231,16.0,0.45,0
12.0,256.0,4000.0,25.0,6.7,1080.0,2640.0,120.0,50.0,10.0,3.3,7.0,1.0,1.0,1.0,1.0,1.0,1.0,0.0,14.0,0.0,2.8512,60.0,597.0149253731344,21.333333333333332,0.4090909090909091,2
8.0,256.0,4000.0,45.0,6.9,1080.0,2640.0,144.0,64.0,32.0,3.0,7.0,1.0,1.0,1.0,1.0,1.0,1.0,0.0,14.0,0.0,2.8512,96.0,579.7101449275362,32.0,0.4090909090909091,1
12.0,256.0,5000.0,80.0,6.9,1800.0,3200.0,165.0,200.0,32.0,2.5,7.0,1.0,1.0,1.0,1.0,1.0,1.0,0.0,20.0,0.0,5.76,232.0,724.6376811594203,21.333333333333332,0.5625,2
8.0,128.0,5000.0,44.0,6.78,1080.0,2400.0,120.0,64.0,50.0,2.2,7.0,1.0,1.0,1.0,1.0,1.0,1.0,0.0,13.0,0.0,2.592,114.0,737.4631268436578,16.0,0.45,1
8.0,128.0,5000.0,67.0,6.7,1080.0,2412.0,120.0,50.0,16.0,2.2,7.0,1.0,1.0,1.0,1.0,1.0,0.0,0.0,14.0,1.0,2.60496,66.0,746.2686567164179,16.0,0.44776119402985076,1
16.0,512.0,5000.0,90.0,6.73,1440.0,3200.0,120.0,50.0,32.0,3.3,7.0,1.0,1.0,1.0,1.0,1.0,1.0,0.0,14.0,1.0,4.608,82.0,742.9420505200594,32.0,0.45,2
16.0,256.0,5400.0,100.0,6.78,1260.0,2800.0,120.0,50.0,32.0,3.25,7.0,1.0,1.0,1.0,1.0,1.0,1.0,0.0,14.0,0.0,3.528,82.0,796.4601769911504,16.0,0.45,2
8.0,256.0,5000.0,25.0,6.4,1080.0,2340.0,120.0,50.0,32.0,2.4,7.0,1.0,1.0,1.0,1.0,1.0,1.0,0.0,13.0,0.0,2.5272,82.0,781.25,32.0,0.46153846153846156,1
8.0,256.0,3900.0,25.0,6.1,1080.0,2340.0,120.0,50.0,12.0,3.36,7.0,1.0,1.0,1.0,1.0,1.0,1.0,0.0,13.0,1.0,2.5272,62.0,639.344262295082,32.0,0.46153846153846156,2
6.0,128.0,5000.0,15.0,6.6,1080.0,2408.0,90.0,50.0,13.0,2.4,7.0,1.0,1.0,1.0,1.0,1.0,0.0,1.0,13.0,0.0,2.60064,63.0,757.5757575757576,21.333333333333332,0.4485049833887043,0
8.0,128.0,5000.0,44.0,6.67,1080.0,2400.0,120.0,50.0,16.0,2.8,7.0,1.0,1.0,1.0,1.0,1.0,0.0,0.0,14.0,0.0,2.592,66.0,749.6251874062968,16.0,0.45,1
4.0,128.0,5000.0,18.0,6.74,720.0,1650.0,90.0,50.0,5.0,2.2,7.0,1.0,1.0,1.0,1.0,1.0,0.0,1.0,13.0,0.0,1.188,55.0,741.8397626112759,32.0,0.43636363636363634,0
6.0,64.0,5000.0,33.0,6.43,1080.0,2400.0,120.0,64.0,13.0,2.05,7.0,1.0,1.0,0.0,1.0,1.0,0.0,1.0,11.0,0.0,2.592,77.0,777.6049766718507,10.666666666666666,0.45,0
8.0,128.0,5000.0,33.0,6.56,720.0,1612.0,90.0,50.0,8.0,2.2,7.0,1.0,1.0,1.0,1.0,1.0,0.0,1.0,12.0,0.0,1.16064,58.0,762.1951219512196,16.0,0.4466501240694789,0
8.0,128.0,5000.0,67.0,6.7,1080.0,2412.0,120.0,108.0,32.0,2.5,7.0,1.0,1.0,1.0,1.0,1.0,1.0,0.0,12.0,0.0,2.60496,140.0,746.2686567164179,16.0,0.44776119402985076,2
8.0,128.0,5000.0,33.0,6.7,1080.0,2412.0,120.0,108.0,32.0,2.4,7.0,1.0,1.0,1.0,1.0,1.0,1.0,0.0,12.0,0.0,2.60496,140.0,746.2686567164179,16.0,0.44776119402985076,2
12.0,256.0,4600.0,66.0,8.03,1916.0,2160.0,120.0,50.0,16.0,3.0,7.0,1.0,1.0,1.0,1.0,1.0,1.0,0.0,12.0,0.0,4.13856,66.0,572.8518057285181,21.333333333333332,0.8870370370370371,2
8.0,128.0,4830.0,66.0,6.56,1080.0,2376.0,120.0,64.0,32.0,3.0,7.0,1.0,1.0,1.0,1.0,1.0,0.0,0.0,12.0,1.0,2.56608,96.0,736.2804878048781,16.0,0.45454545454545453,1
6.0,128.0,5000.0,67.0,6.67,1080.0,2400.0,120.0,50.0,16.0,2.6,7.0,1.0,1.0,1.0,1.0,1.0,0.0,0.0,12.0,1.0,2.592,66.0,749.6251874062968,21.333333333333332,0.45,1
8.0,128.0,4500.0,45.0,6.6,1080.0,2340.0,120.0,50.0,10.0,3.0,7.0,1.0,1.0,1.0,1.0,1.0,1.0,0.0,12.0,0.0,2.5272,60.0,681.8181818181819,16.0,0.46153846153846156,2
8.0,128.0,3700.0,25.0,6.1,1080.0,2340.0,120.0,50.0,10.0,3.0,7.0,1.0,1.0,1.0,1.0,1.0,1.0,0.0,12.0,0.0,2.5272,60.0,606.5573770491803,16.0,0.46153846153846156,2
6.0,128.0,6000.0,20.0,6.78,1080.0,2460.0,120.0,108.0,32.0,2.3,7.0,1.0,1.0,0.0,1.0,1.0,1.0,0.0,11.0,0.0,2.6568,140.0,884.9557522123894,21.333333333333332,0.43902439024390244,0
4.0,64.0,5030.0,45.0,6.1,1170.0,2532.0,120.0,12.0,12.0,3.1,7.0,1.0,1.0,1.0,1.0,1.0,1.0,0.0,14.0,1.0,2.96244,24.0,824.5901639344263,16.0,0.46208530805687204,2
8.0,256.0,800.0,45.0,2.0,128.0,160.0,120.0,50.0,16.0,2.5,7.0,0.0,0.0,0.0,0.0,0.0,0.0,1.0,14.0,0.0,0.02048,66.0,400.0,32.0,0.8,0
12.0,256.0,5000.0,25.0,8.2,2224.0,2488.0,120.0,200.0,16.0,2.5,7.0,1.0,1.0,1.0,1.0,1.0,1.0,0.0,15.0,0.0,5.533312,216.0,609.7560975609757,21.333333333333332,0.8938906752411575,2
4.0,128.0,6300.0,45.0,6.67,720.0,1604.0,120.0,50.0,5.0,1.8,7.0,1.0,1.0,0.0,0.0,1.0,1.0,1.0,15.0,0.0,1.15488,55.0,944.527736131934,32.0,0.4488778054862843,0
8.0,128.0,5000.0,33.0,6.8,1080.0,2400.0,120.0,64.0,13.0,2.4,7.0,1.0,1.0,1.0,1.0,1.0,0.0,0.0,15.0,0.0,2.592,77.0,735.2941176470589,16.0,0.45,0
4.0,64.0,5000.0,10.0,6.75,1600.0,720.0,120.0,13.0,5.0,2.5,7.0,1.0,1.0,0.0,1.0,1.0,0.0,1.0,14.0,0.0,1.152,18.0,740.7407407407408,16.0,2.2222222222222223,0
4.0,128.0,5000.0,18.0,6.67,720.0,1612.0,120.0,50.0,8.0,2.5,7.0,1.0,1.0,0.0,1.0,1.0,0.0,0.0,15.0,0.0,1.16064,58.0,749.6251874062968,32.0,0.4466501240694789,0
8.0,128.0,5800.0,33.0,6.79,1080.0,2412.0,120.0,50.0,8.0,2.5,7.0,1.0,1.0,1.0,1.0,1.0,0.0,0.0,15.0,1.0,2.60496,58.0,854.1973490427099,16.0,0.44776119402985076,0
8.0,256.0,5000.0,45.0,6.74,1080.0,2340.0,120.0,50.0,12.0,2.7,7.0,1.0,1.0,1.0,1.0,1.0,0.0,0.0,15.0,0.0,2.5272,62.0,741.8397626112759,32.0,0.46153846153846156,2
6.0,128.0,6000.0,45.0,6.67,720.0,1604.0,120.0,32.0,8.0,2.4,7.0,1.0,1.0,1.0,1.0,1.0,0.0,0.0,15.0,0.0,1.15488,40.0,899.5502248875563,21.333333333333332,0.4488778054862843,0
6.0,128.0,5000.0,25.0,6.7,1080.0,2340.0,120.0,50.0,13.0,2.4,7.0,1.0,1.0,1.0,1.0,1.0,1.0,0.0,15.0,0.0,2.5272,63.0,746.2686567164179,21.333333333333332,0.46153846153846156,1
2.0,16.0,2000.0,45.0,2.4,240.0,320.0,120.0,0.3,16.0,2.5,7.0,1.0,1.0,0.0,0.0,1.0,0.0,1.0,14.0,0.0,0.0768,16.3,833.3333333333334,8.0,0.75,0
4.0,128.0,5000.0,18.0,6.67,720.0,1612.0,120.0,50.0,8.0,2.4,7.0,1.0,1.0,1.0,1.0,1.0,0.0,1.0,14.0,0.0,1.16064,58.0,749.6251874062968,32.0,0.4466501240694789,0
16.0,512.0,5030.0,45.0,7.76,1920.0,2713.0,120.0,48.0,16.0,2.5,7.0,1.0,1.0,1.0,1.0,1.0,1.0,0.0,19.0,0.0,5.20896,64.0,648.1958762886599,32.0,0.7077036490969406,2
12.0,256.0,6000.0,80.0,6.72,1080.0,2392.0,120.0,50.0,16.0,2.6,7.0,1.0,1.0,1.0,1.0,1.0,0.0,0.0,15.0,1.0,2.58336,66.0,892.8571428571429,21.333333333333332,0.451505016722408,1
6.0,128.0,5000.0,33.0,6.67,1080.0,2400.0,120.0,64.0,16.0,2.4,7.0,1.0,1.0,1.0,1.0,1.0,0.0,0.0,14.0,0.0,2.592,80.0,749.6251874062968,21.333333333333332,0.45,0
8.0,128.0,7300.0,44.0,6.68,720.0,1608.0,120.0,50.0,32.0,2.5,7.0,1.0,1.0,1.0,1.0,1.0,0.0,0.0,16.0,0.0,1.15776,82.0,1092.8143712574852,16.0,0.44776119402985076,1
8.0,256.0,6500.0,45.0,6.7,1080.0,2412.0,120.0,50.0,16.0,2.2,7.0,1.0,1.0,1.0,1.0,1.0,0.0,0.0,15.0,1.0,2.60496,66.0,970.1492537313433,32.0,0.44776119402985076,1
12.0,512.0,10100.0,33.0,6.72,1080.0,2400.0,120.0,100.0,32.0,2.5,7.0,1.0,1.0,1.0,1.0,1.0,1.0,1.0,14.0,0.0,2.592,132.0,1502.9761904761906,42.666666666666664,0.45,1
12.0,512.0,6000.0,80.0,6.83,1272.0,2800.0,120.0,50.0,32.0,2.5,7.0,1.0,1.0,1.0,1.0,1.0,0.0,0.0,15.0,0.0,3.5616,82.0,878.4773060029282,42.666666666666664,0.4542857142857143,2
6.0,128.0,5500.0,25.0,6.74,1080.0,2340.0,120.0,50.0,13.0,2.5,7.0,1.0,1.0,1.0,1.0,1.0,1.0,0.0,16.0,0.0,2.5272,63.0,816.0237388724036,21.333333333333332,0.46153846153846156,1
8.0,256.0,2500.0,45.0,2.4,240.0,320.0,120.0,50.0,16.0,2.5,7.0,0.0,0.0,0.0,0.0,0.0,0.0,1.0,14.0,0.0,0.0768,66.0,1041.6666666666667,32.0,0.75,0
12.0,256.0,5000.0,45.0,6.7,1080.0,2340.0,120.0,50.0,12.0,2.4,7.0,1.0,1.0,1.0,1.0,1.0,1.0,0.0,15.0,1.0,2.5272,62.0,746.2686567164179,21.333333333333332,0.46153846153846156,2
8.0,256.0,4005.0,45.0,6.1,1170.0,2532.0,120.0,48.0,12.0,4.04,7.0,1.0,1.0,1.0,1.0,1.0,1.0,0.0,18.0,0.0,2.96244,60.0,656.5573770491803,32.0,0.46208530805687204,2
8.0,256.0,6000.0,100.0,6.82,1080.0,2400.0,120.0,50.0,50.0,2.5,7.0,1.0,1.0,1.0,1.0,1.0,0.0,0.0,16.0,1.0,2.592,100.0,879.7653958944281,32.0,0.45,2
16.0,1.0,5000.0,45.0,6.9,1440.0,3120.0,120.0,200.0,12.0,4.47,7.0,1.0,1.0,1.0,1.0,1.0,1.0,0.0,15.0,0.0,4.4928,212.0,724.6376811594203,0.0625,0.46153846153846156,2
12.0,512.0,4000.0,25.0,6.2,1080.0,2340.0,120.0,50.0,12.0,4.47,7.0,1.0,1.0,1.0,1.0,1.0,1.0,0.0,15.0,1.0,2.5272,62.0,645.1612903225806,42.666666666666664,0.46153846153846156,2
12.0,256.0,6880.0,100.0,6.74,1220.0,2712.0,120.0,50.0,32.0,2.5,7.0,1.0,1.0,1.0,1.0,1.0,1.0,0.0,16.0,1.0,3.30864,82.0,1020.7715133531157,21.333333333333332,0.4498525073746313,2
12.0,256.0,5100.0,70.0,6.67,1260.0,2800.0,120.0,50.0,50.0,3.35,7.0,1.0,1.0,1.0,1.0,1.0,1.0,0.0,15.0,0.0,3.528,100.0,764.6176911544228,21.333333333333332,0.45,2
6.0,128.0,5500.0,33.0,6.74,720.0,1600.0,120.0,50.0,16.0,2.5,7.0,1.0,1.0,1.0,1.0,1.0,1.0,1.0,15.0,0.0,1.152,66.0,816.0237388724036,21.333333333333332,0.45,0
3.0,64.0,5000.0,10.0,6.7,720.0,1600.0,90.0,13.0,8.0,2.2,7.0,1.0,1.0,0.0,1.0,1.0,0.0,1.0,14.0,0.0,1.152,21.0,746.2686567164179,21.333333333333332,0.45,0
8.0,128.0,6000.0,45.0,6.67,720.0,1604.0,120.0,50.0,8.0,2.4,7.0,1.0,1.0,1.0,1.0,1.0,0.0,0.0,14.0,0.0,1.15488,58.0,899.5502248875563,16.0,0.4488778054862843,0
16.0,512.0,5800.0,90.0,6.67,1260.0,2800.0,120.0,50.0,32.0,3.63,7.0,1.0,1.0,1.0,1.0,1.0,1.0,0.0,15.0,0.0,3.528,82.0,869.5652173913044,32.0,0.45,2
6.0,128.0,5500.0,65.0,6.67,1080.0,2460.0,120.0,50.0,16.0,2.5,7.0,1.0,1.0,1.0,1.0,1.0,0.0,0.0,15.0,0.0,2.6568,66.0,824.5877061469265,21.333333333333332,0.43902439024390244,1
8.0,256.0,5300.0,67.0,6.78,1084.0,2412.0,120.0,50.0,50.0,2.5,7.0,1.0,1.0,1.0,1.0,1.0,1.0,0.0,14.0,1.0,2.614608,100.0,781.7109144542773,32.0,0.4494195688225539,1
16.0,512.0,5800.0,120.0,6.78,1264.0,2780.0,120.0,50.0,16.0,4.32,7.0,1.0,1.0,1.0,1.0,1.0,1.0,0.0,15.0,0.0,3.51392,66.0,855.457227138643,32.0,0.4546762589928058,2
12.0,256.0,7000.0,100.0,6.3,1200.0,2670.0,144.0,50.0,50.0,2.5,7.0,1.0,1.0,1.0,1.0,1.0,1.0,0.0,15.0,1.0,3.204,100.0,1111.111111111111,21.333333333333332,0.449438202247191,2
12.0,256.0,6000.0,120.0,6.67,1256.0,2760.0,120.0,50.0,50.0,2.5,7.0,1.0,1.0,1.0,1.0,1.0,1.0,0.0,15.0,1.0,3.46656,100.0,899.5502248875563,21.333333333333332,0.45507246376811594,2
8.0,128.0,6500.0,45.0,6.67,1080.0,2400.0,120.0,50.0,32.0,2.5,7.0,1.0,1.0,1.0,1.0,1.0,1.0,0.0,15.0,0.0,2.592,82.0,974.512743628186,16.0,0.45,1
8.0,128.0,6000.0,44.0,6.78,1080.0,2408.0,120.0,50.0,8.0,2.2,7.0,1.0,1.0,1.0,1.0,1.0,0.0,0.0,15.0,0.0,2.60064,58.0,884.9557522123894,16.0,0.4485049833887043,1
4.0,128.0,6000.0,25.0,6.5,1080.0,2340.0,90.0,50.0,13.0,2.2,7.0,1.0,1.0,1.0,1.0,1.0,0.0,0.0,14.0,0.0,2.5272,63.0,923.0769230769231,32.0,0.46153846153846156,0
12.0,256.0,5500.0,67.0,6.82,1080.0,2400.0,144.0,50.0,50.0,3.35,7.0,1.0,1.0,1.0,1.0,1.0,1.0,1.0,15.0,0.0,2.592,100.0,806.4516129032257,21.333333333333332,0.45,2
8.0,256.0,5000.0,18.0,6.67,720.0,1600.0,120.0,108.0,8.0,2.4,7.0,1.0,1.0,1.0,1.0,1.0,1.0,1.0,14.0,0.0,1.152,116.0,749.6251874062968,32.0,0.45,0
8.0,512.0,4685.0,45.0,6.9,1320.0,2868.0,120.0,48.0,12.0,4.05,7.0,1.0,1.0,1.0,1.0,1.0,1.0,0.0,18.0,0.0,3.78576,60.0,678.9855072463768,64.0,0.4602510460251046,2
8.0,256.0,4674.0,45.0,6.7,1290.0,2796.0,120.0,48.0,12.0,4.04,7.0,1.0,1.0,1.0,1.0,1.0,1.0,0.0,18.0,0.0,3.60684,60.0,697.6119402985074,32.0,0.4613733905579399,2
8.0,128.0,5000.0,18.0,6.7,720.0,1600.0,120.0,48.0,8.0,2.4,7.0,1.0,1.0,1.0,1.0,1.0,0.0,0.0,14.0,0.0,1.152,56.0,746.2686567164179,16.0,0.45,0
6.0,128.0,5000.0,45.0,6.6,720.0,1600.0,120.0,50.0,16.0,2.4,7.0,1.0,1.0,1.0,1.0,1.0,0.0,0.0,14.0,0.0,1.152,66.0,757.5757575757576,21.333333333333332,0.45,0
12.0,256.0,5500.0,44.0,6.77,1080.0,2392.0,120.0,50.0,16.0,2.5,7.0,1.0,1.0,1.0,1.0,1.0,0.0,0.0,14.0,0.0,2.58336,66.0,812.4076809453471,21.333333333333332,0.451505016722408,1
8.0,256.0,5500.0,80.0,6.78,1260.0,2800.0,120.0,50.0,50.0,2.63,7.0,1.0,1.0,1.0,1.0,1.0,0.0,0.0,14.0,0.0,3.528,100.0,811.2094395280236,32.0,0.45,2
12.0,256.0,6415.0,80.0,6.78,1264.0,2780.0,120.0,50.0,16.0,3.3,7.0,1.0,1.0,1.0,1.0,1.0,1.0,0.0,15.0,0.0,3.51392,66.0,946.165191740413,21.333333333333332,0.4546762589928058,1
12.0,256.0,5000.0,50.0,6.7,1084.0,2412.0,120.0,50.0,50.0,3.0,7.0,1.0,1.0,1.0,1.0,1.0,1.0,0.0,14.0,1.0,2.614608,100.0,746.2686567164179,21.333333333333332,0.4494195688225539,2
12.0,512.0,5200.0,80.0,6.7,1080.0,2412.0,120.0,50.0,32.0,2.4,7.0,1.0,1.0,1.0,1.0,1.0,0.0,0.0,14.0,0.0,2.60496,82.0,776.1194029850747,42.666666666666664,0.44776119402985076,1
12.0,256.0,5850.0,100.0,6.8,1280.0,2800.0,120.0,200.0,50.0,4.32,7.0,1.0,1.0,1.0,1.0,1.0,1.0,0.0,15.0,1.0,3.584,250.0,860.2941176470589,21.333333333333332,0.45714285714285713,2
8.0,256.0,2000.0,45.0,2.4,240.0,320.0,120.0,0.3,16.0,2.5,7.0,0.0,1.0,0.0,1.0,0.0,0.0,1.0,14.0,0.0,0.0768,16.3,833.3333333333334,32.0,0.75,0
4.0,64.0,5000.0,15.0,6.56,720.0,1612.0,90.0,13.0,5.0,2.4,7.0,1.0,1.0,1.0,1.0,1.0,0.0,0.0,14.0,0.0,1.16064,18.0,762.1951219512196,16.0,0.4466501240694789,0
6.0,128.0,5000.0,15.0,6.56,720.0,1612.0,90.0,50.0,8.0,2.4,7.0,1.0,1.0,1.0,1.0,1.0,0.0,0.0,14.0,0.0,1.16064,58.0,762.1951219512196,21.333333333333332,0.4466501240694789,0
12.0,1.0,4400.0,25.0,7.6,1856.0,2160.0,120.0,50.0,16.0,3.39,7.0,1.0,1.0,1.0,1.0,1.0,1.0,0.0,14.0,0.0,4.00896,66.0,578.9473684210527,0.08333333333333333,0.8592592592592593,2
12.0,256.0,5500.0,120.0,6.78,1264.0,2780.0,120.0,50.0,32.0,2.8,7.0,1.0,1.0,1.0,1.0,1.0,1.0,0.0,14.0,0.0,3.51392,82.0,811.2094395280236,21.333333333333332,0.4546762589928058,1
8.0,256.0,5500.0,120.0,6.78,1264.0,2780.0,120.0,50.0,32.0,2.8,7.0,1.0,1.0,1.0,1.0,1.0,1.0,0.0,14.0,0.0,3.51392,82.0,811.2094395280236,32.0,0.4546762589928058,1
8.0,128.0,6000.0,44.0,6.72,1080.0,2408.0,120.0,50.0,8.0,2.2,7.0,1.0,1.0,1.0,1.0,1.0,0.0,0.0,14.0,0.0,2.60064,58.0,892.8571428571429,16.0,0.4485049833887043,1
8.0,128.0,5000.0,45.0,6.7,1080.0,2400.0,120.0,50.0,16.0,2.2,7.0,1.0,1.0,1.0,1.0,1.0,0.0,0.0,14.0,1.0,2.592,66.0,746.2686567164179,16.0,0.45,1
12.0,256.0,5000.0,100.0,6.8,1260.0,2800.0,120.0,64.0,50.0,3.25,7.0,1.0,1.0,1.0,1.0,1.0,0.0,0.0,14.0,0.0,3.528,114.0,735.2941176470589,21.333333333333332,0.45,2
3.0,64.0,5000.0,10.0,6.71,720.0,1650.0,90.0,8.0,5.0,1.8,7.0,1.0,1.0,0.0,1.0,1.0,0.0,1.0,14.0,0.0,1.188,13.0,745.156482861401,21.333333333333332,0.43636363636363634,0
8.0,256.0,5000.0,45.0,6.7,1084.0,2412.0,120.0,50.0,32.0,2.8,7.0,1.0,1.0,1.0,1.0,1.0,1.0,0.0,14.0,1.0,2.614608,82.0,746.2686567164179,32.0,0.4494195688225539,1
8.0,128.0,5500.0,44.0,6.78,1080.0,2400.0,120.0,50.0,50.0,2.2,7.0,1.0,1.0,1.0,1.0,1.0,1.0,0.0,14.0,0.0,2.592,100.0,811.2094395280236,16.0,0.45,1
8.0,256.0,28000.0,33.0,6.78,1080.0,2460.0,120.0,60.0,16.0,2.2,7.0,1.0,1.0,0.0,0.0,1.0,1.0,1.0,14.0,0.0,2.6568,76.0,4129.793510324484,32.0,0.43902439024390244,1
8.0,256.0,6000.0,70.0,6.78,1080.0,2436.0,120.0,108.0,32.0,2.4,7.0,1.0,1.0,1.0,1.0,1.0,1.0,1.0,14.0,0.0,2.63088,140.0,884.9557522123894,32.0,0.4433497536945813,1
8.0,256.0,5500.0,100.0,6.7,1080.0,2412.0,120.0,50.0,16.0,2.63,7.0,1.0,1.0,1.0,1.0,1.0,1.0,0.0,14.0,0.0,2.60496,66.0,820.8955223880597,32.0,0.44776119402985076,1
8.0,256.0,5000.0,67.0,6.7,1080.0,2412.0,120.0,50.0,32.0,2.6,7.0,1.0,1.0,1.0,1.0,1.0,1.0,0.0,14.0,0.0,2.60496,82.0,746.2686567164179,32.0,0.44776119402985076,1
12.0,512.0,5600.0,80.0,6.8,1280.0,2800.0,120.0,180.0,50.0,3.3,7.0,1.0,1.0,1.0,1.0,1.0,1.0,0.0,14.0,1.0,3.584,230.0,823.5294117647059,42.666666666666664,0.45714285714285713,2
8.0,128.0,5000.0,33.0,6.67,1080.0,2400.0,120.0,64.0,32.0,2.6,7.0,1.0,1.0,1.0,1.0,1.0,0.0,0.0,13.0,0.0,2.592,96.0,749.6251874062968,16.0,0.45,1
8.0,256.0,5000.0,33.0,6.67,1080.0,2400.0,120.0,108.0,16.0,2.4,7.0,1.0,1.0,1.0,1.0,1.0,0.0,1.0,13.0,0.0,2.592,124.0,749.6251874062968,32.0,0.45,1
8.0,128.0,4500.0,25.0,6.4,1080.0,2340.0,120.0,50.0,10.0,3.0,7.0,1.0,1.0,1.0,1.0,1.0,1.0,0.0,13.0,0.0,2.5272,60.0,703.125,16.0,0.46153846153846156,2
8.0,256.0,6000.0,80.0,6.78,1260.0,2800.0,120.0,50.0,50.0,2.63,7.0,1.0,1.0,1.0,1.0,1.0,1.0,0.0,14.0,1.0,3.528,100.0,884.9557522123894,32.0,0.45,1
16.0,512.0,7050.0,120.0,6.85,1216.0,2688.0,144.0,50.0,16.0,4.32,7.0,1.0,1.0,1.0,1.0,1.0,1.0,0.0,15.0,1.0,3.268608,66.0,1029.197080291971,32.0,0.4523809523809524,2
12.0,256.0,5050.0,30.0,6.7,1344.0,2992.0,120.0,50.0,10.5,3.0,7.0,1.0,1.0,1.0,1.0,1.0,1.0,0.0,14.0,1.0,4.021248,60.5,753.7313432835821,21.333333333333332,0.44919786096256686,2
8.0,256.0,5800.0,35.0,6.78,1220.0,2652.0,120.0,108.0,16.0,2.2,7.0,1.0,1.0,1.0,1.0,1.0,1.0,0.0,13.0,1.0,3.23544,124.0,855.457227138643,32.0,0.46003016591251883,1
8.0,256.0,4600.0,66.0,6.78,1080.0,2400.0,120.0,64.0,16.0,2.8,7.0,1.0,1.0,1.0,1.0,1.0,0.0,0.0,13.0,1.0,2.592,80.0,678.4660766961651,32.0,0.45,1
6.0,256.0,4383.0,45.0,6.7,1290.0,2796.0,120.0,48.0,12.0,3.46,7.0,1.0,1.0,1.0,1.0,1.0,1.0,0.0,17.0,0.0,3.60684,60.0,654.1791044776119,42.666666666666664,0.4613733905579399,2
8.0,128.0,5000.0,68.0,6.55,1080.0,2400.0,144.0,50.0,32.0,2.5,7.0,1.0,1.0,1.0,1.0,1.0,1.0,0.0,13.0,0.0,2.592,82.0,763.3587786259542,16.0,0.45,1
4.0,64.0,5000.0,18.0,6.71,720.0,1650.0,90.0,8.0,5.0,2.2,7.0,1.0,1.0,0.0,1.0,1.0,0.0,1.0,14.0,0.0,1.188,13.0,745.156482861401,16.0,0.43636363636363634,0
12.0,256.0,4700.0,45.0,6.7,1080.0,2412.0,120.0,50.0,32.0,3.2,7.0,1.0,1.0,1.0,1.0,1.0,1.0,0.0,13.0,1.0,2.60496,82.0,701.4925373134328,21.333333333333332,0.44776119402985076,2
512.0,4.0,1000.0,45.0,1.77,240.0,320.0,120.0,0.3,16.0,2.5,7.0,1.0,1.0,0.0,1.0,0.0,0.0,1.0,14.0,0.0,0.0768,16.3,564.9717514124294,0.0078125,0.75,0
512.0,4.0,1000.0,45.0,1.77,240.0,320.0,120.0,0.3,16.0,2.5,7.0,1.0,1.0,0.0,1.0,0.0,0.0,1.0,14.0,0.0,0.0768,16.3,564.9717514124294,0.0078125,0.75,0
12.0,256.0,4800.0,200.0,6.78,1440.0,3412.0,165.0,200.0,32.0,2.5,7.0,1.0,1.0,1.0,1.0,1.0,1.0,0.0,14.0,1.0,4.91328,232.0,707.9646017699115,21.333333333333332,0.4220398593200469,2
8.0,256.0,5000.0,150.0,6.73,1800.0,3440.0,144.0,108.0,32.0,2.5,7.0,1.0,1.0,1.0,1.0,1.0,1.0,0.0,15.0,1.0,6.192,140.0,742.9420505200594,32.0,0.5232558139534884,2
8.0,256.0,5160.0,120.0,6.78,1260.0,2800.0,144.0,50.0,16.0,3.2,7.0,1.0,1.0,1.0,1.0,1.0,0.0,0.0,14.0,1.0,3.528,66.0,761.0619469026549,32.0,0.45,2
6.0,128.0,5000.0,18.0,6.58,1080.0,2408.0,120.0,50.0,8.0,2.2,7.0,1.0,1.0,1.0,1.0,1.0,0.0,0.0,13.0,0.0,2.60064,58.0,759.8784194528876,21.333333333333332,0.4485049833887043,0
8.0,128.0,5000.0,33.0,6.72,1080.0,2400.0,90.0,64.0,8.0,2.0,7.0,1.0,1.0,0.0,1.0,1.0,0.0,1.0,13.0,0.0,2.592,72.0,744.047619047619,16.0,0.45,0
12.0,256.0,5000.0,120.0,6.78,1260.0,2800.0,144.0,64.0,16.0,3.3,7.0,1.0,1.0,1.0,1.0,1.0,1.0,0.0,14.0,1.0,3.528,80.0,737.4631268436578,21.333333333333332,0.45,2
16.0,256.0,5000.0,100.0,6.74,1240.0,2772.0,120.0,50.0,16.0,3.2,7.0,1.0,1.0,1.0,1.0,1.0,1.0,0.0,13.0,1.0,3.43728,66.0,741.8397626112759,16.0,0.44733044733044736,2
8.0,128.0,4800.0,67.0,6.7,1080.0,2412.0,120.0,108.0,32.0,2.2,7.0,1.0,1.0,1.0,1.0,1.0,1.0,1.0,13.0,0.0,2.60496,140.0,716.4179104477612,16.0,0.44776119402985076,2
4.0,64.0,5000.0,25.0,6.7,1080.0,2400.0,90.0,50.0,13.0,2.4,7.0,1.0,1.0,0.0,1.0,1.0,0.0,1.0,14.0,0.0,2.592,63.0,746.2686567164179,16.0,0.45,0
8.0,128.0,5000.0,33.0,6.78,2400.0,1200.0,120.0,50.0,16.0,2.4,7.0,1.0,1.0,1.0,1.0,1.0,0.0,1.0,13.0,0.0,2.88,66.0,737.4631268436578,16.0,2.0,0
8.0,256.0,4600.0,80.0,6.78,1260.0,2800.0,120.0,50.0,50.0,3.1,7.0,1.0,1.0,1.0,1.0,1.0,0.0,0.0,13.0,1.0,3.528,100.0,678.4660766961651,32.0,0.45,2
8.0,256.0,1450.0,45.0,2.8,240.0,320.0,120.0,0.3,16.0,2.5,7.0,1.0,1.0,0.0,0.0,0.0,0.0,0.0,14.0,0.0,0.0768,16.3,517.8571428571429,32.0,0.75,0
6.0,128.0,4325.0,45.0,6.7,1284.0,2778.0,120.0,12.0,12.0,3.22,7.0,1.0,1.0,1.0,1.0,1.0,1.0,0.0,16.0,0.0,3.566952,24.0,645.5223880597015,21.333333333333332,0.46220302375809935,2
8.0,256.0,5100.0,67.0,6.67,1220.0,2712.0,120.0,64.0,16.0,2.4,7.0,1.0,1.0,1.0,1.0,1.0,0.0,0.0,13.0,1.0,3.30864,80.0,764.6176911544228,32.0,0.4498525073746313,1
8.0,256.0,4400.0,68.0,6.55,1080.0,2400.0,144.0,50.0,32.0,2.6,7.0,1.0,1.0,1.0,1.0,1.0,1.0,0.0,13.0,0.0,2.592,82.0,671.7557251908397,32.0,0.45,1
8.0,128.0,4600.0,66.0,6.78,1080.0,2400.0,120.0,64.0,16.0,2.8,7.0,1.0,1.0,1.0,1.0,1.0,0.0,0.0,13.0,1.0,2.592,80.0,678.4660766961651,16.0,0.45,1
8.0,128.0,5000.0,25.0,6.4,1080.0,2340.0,120.0,50.0,32.0,2.4,7.0,1.0,1.0,1.0,1.0,1.0,1.0,0.0,13.0,0.0,2.5272,82.0,781.25,16.0,0.46153846153846156,1
8.0,128.0,5000.0,25.0,6.7,1080.0,2400.0,120.0,108.0,32.0,2.4,7.0,1.0,1.0,1.0,1.0,1.0,0.0,0.0,12.0,0.0,2.592,140.0,746.2686567164179,16.0,0.45,1
6.0,128.0,4700.0,66.0,6.44,1080.0,2404.0,90.0,64.0,16.0,2.4,7.0,1.0,1.0,1.0,1.0,1.0,0.0,0.0,12.0,0.0,2.59632,80.0,729.8136645962733,21.333333333333332,0.4492512479201331,1
8.0,128.0,4500.0,44.0,6.44,1080.0,2408.0,90.0,64.0,50.0,2.0,7.0,1.0,1.0,1.0,1.0,1.0,0.0,0.0,12.0,0.0,2.60064,114.0,698.7577639751553,16.0,0.4485049833887043,1
4.0,128.0,5000.0,33.0,6.67,1080.0,2400.0,120.0,48.0,13.0,2.0,7.0,1.0,1.0,1.0,1.0,1.0,0.0,0.0,12.0,0.0,2.592,61.0,749.6251874062968,32.0,0.45,0
8.0,128.0,5000.0,80.0,6.7,1080.0,2412.0,120.0,50.0,16.0,2.85,7.0,1.0,1.0,1.0,1.0,1.0,1.0,0.0,12.0,1.0,2.60496,66.0,746.2686567164179,16.0,0.44776119402985076,1
12.0,256.0,5000.0,80.0,6.7,1440.0,3216.0,120.0,50.0,32.0,3.0,7.0,1.0,1.0,1.0,1.0,1.0,1.0,0.0,12.0,1.0,4.63104,82.0,746.2686567164179,21.333333333333332,0.44776119402985076,2
6.0,128.0,5000.0,45.0,6.5,720.0,1600.0,120.0,13.0,8.0,2.2,7.0,1.0,1.0,1.0,1.0,1.0,0.0,1.0,11.0,0.0,1.152,21.0,769.2307692307693,21.333333333333332,0.45,1
12.0,512.0,4500.0,30.0,6.5,1644.0,3840.0,120.0,12.0,8.0,2.84,7.0,1.0,1.0,1.0,1.0,1.0,1.0,0.0,11.0,0.0,6.31296,20.0,692.3076923076923,42.666666666666664,0.428125,2
12.0,256.0,4700.0,80.0,6.78,1440.0,3200.0,120.0,50.0,32.0,3.0,7.0,1.0,1.0,1.0,1.0,1.0,1.0,0.0,12.0,0.0,4.608,82.0,693.2153392330383,21.333333333333332,0.45,2
4.0,512.0,3240.0,45.0,6.1,1170.0,2532.0,120.0,12.0,12.0,3.22,7.0,1.0,1.0,1.0,1.0,1.0,1.0,0.0,15.0,0.0,2.96244,24.0,531.1475409836066,128.0,0.46208530805687204,2
8.0,128.0,4000.0,30.0,6.7,1080.0,2460.0,144.0,108.0,32.0,2.4,7.0,1.0,1.0,1.0,1.0,1.0,1.0,0.0,11.0,0.0,2.6568,140.0,597.0149253731344,16.0,0.43902439024390244,1
4.0,32.0,5000.0,18.0,6.5,720.0,1600.0,90.0,13.0,5.0,2.2,7.0,1.0,1.0,1.0,1.0,1.0,0.0,1.0,12.0,0.0,1.152,18.0,769.2307692307693,8.0,0.45,0
8.0,128.0,4800.0,25.0,6.7,1080.0,2400.0,120.0,64.0,10.0,2.9,7.0,1.0,1.0,1.0,1.0,1.0,1.0,0.0,10.0,1.0,2.592,74.0,716.4179104477612,16.0,0.45,2
1.0,16.0,4000.0,45.0,6.5,1600.0,720.0,120.0,8.0,8.0,1.3,7.0,1.0,1.0,0.0,1.0,1.0,0.0,1.0,10.0,0.0,1.152,16.0,615.3846153846154,16.0,2.2222222222222223,0
8.0,128.0,4500.0,65.0,6.55,1080.0,2400.0,120.0,64.0,32.0,2.6,7.0,1.0,1.0,1.0,1.0,1.0,1.0,0.0,10.0,1.0,2.592,96.0,687.0229007633588,16.0,0.45,0
4.0,64.0,5000.0,45.0,6.6,720.0,1600.0,120.0,13.0,8.0,2.0,7.0,1.0,1.0,0.0,1.0,1.0,0.0,1.0,10.0,0.0,1.152,21.0,757.5757575757576,16.0,0.45,0
8.0,128.0,4500.0,65.0,6.55,1080.0,2400.0,120.0,48.0,16.0,2.84,7.0,1.0,1.0,1.0,1.0,1.0,1.0,0.0,11.0,0.0,2.592,64.0,687.0229007633588,16.0,0.45,1
6.0,64.0,4500.0,27.0,6.67,1080.0,2400.0,120.0,64.0,16.0,2.2,7.0,1.0,1.0,0.0,1.0,1.0,0.0,0.0,10.0,0.0,2.592,80.0,674.6626686656672,10.666666666666666,0.45,0
2.0,64.0,2800.0,45.0,5.0,720.0,1280.0,120.0,5.0,2.0,1.4,7.0,1.0,1.0,0.0,1.0,1.0,0.0,1.0,8.1,0.0,0.9216,7.0,560.0,32.0,0.5625,0
8.0,128.0,3000.0,45.0,4.0,540.0,1168.0,120.0,21.0,5.0,2.5,7.0,1.0,1.0,0.0,1.0,1.0,0.0,1.0,15.0,0.0,0.63072,26.0,750.0,16.0,0.4623287671232877,0
12.0,512.0,7000.0,120.0,6.8,1280.0,2800.0,120.0,50.0,32.0,3.25,7.0,1.0,1.0,1.0,1.0,1.0,1.0,0.0,15.0,0.0,3.584,82.0,1029.4117647058824,42.666666666666664,0.45714285714285713,2
6.0,128.0,5000.0,33.0,6.8,1080.0,2400.0,120.0,64.0,13.0,2.4,7.0,1.0,1.0,1.0,1.0,1.0,0.0,0.0,15.0,0.0,2.592,77.0,735.2941176470589,21.333333333333332,0.45,0
8.0,256.0,1100.0,45.0,1.8,1080.0,2400.0,120.0,0.3,16.0,1.0,7.0,0.0,1.0,0.0,1.0,0.0,0.0,1.0,14.0,0.0,2.592,16.3,611.1111111111111,32.0,0.45,0
16.0,512.0,7500.0,120.0,6.85,1216.0,2688.0,144.0,50.0,16.0,4.32,7.0,1.0,1.0,1.0,1.0,1.0,1.0,0.0,15.0,1.0,3.268608,66.0,1094.890510948905,32.0,0.4523809523809524,2
8.0,256.0,2500.0,45.0,2.4,120.0,360.0,120.0,0.3,16.0,2.5,7.0,0.0,0.0,0.0,0.0,1.0,0.0,0.0,14.0,0.0,0.0432,16.3,1041.6666666666667,32.0,0.3333333333333333,0
4.0,128.0,5000.0,15.0,6.6,720.0,1612.0,90.0,13.0,5.0,1.8,7.0,1.0,1.0,0.0,1.0,1.0,0.0,1.0,14.0,0.0,1.16064,18.0,757.5757575757576,32.0,0.4466501240694789,0
8.0,256.0,5500.0,100.0,6.81,1272.0,2860.0,120.0,50.0,16.0,2.5,7.0,1.0,1.0,1.0,1.0,1.0,1.0,0.0,5.0,1.0,3.63792,66.0,807.6358296622615,32.0,0.44475524475524475,2
12.0,512.0,3900.0,25.0,6.7,1440.0,3120.0,120.0,200.0,12.0,4.47,7.0,1.0,1.0,1.0,1.0,1.0,1.0,0.0,15.0,1.0,4.4928,212.0,582.0895522388059,42.666666666666664,0.46153846153846156,2
8.0,256.0,5000.0,45.0,6.67,1080.0,2400.0,120.0,50.0,16.0,2.5,7.0,1.0,1.0,1.0,1.0,1.0,0.0,0.0,14.0,0.0,2.592,66.0,749.6251874062968,32.0,0.45,1
4.0,128.0,5000.0,18.0,6.67,720.0,1600.0,120.0,50.0,8.0,2.4,7.0,1.0,1.0,1.0,1.0,1.0,0.0,1.0,14.0,0.0,1.152,58.0,749.6251874062968,32.0,0.45,0
8.0,256.0,7500.0,100.0,6.67,1080.0,2400.0,120.0,50.0,50.0,2.5,7.0,1.0,1.0,1.0,1.0,1.0,0.0,0.0,16.0,0.0,2.592,100.0,1124.4377811094453,32.0,0.45,1
12.0,256.0,6000.0,100.0,6.67,1260.0,2800.0,120.0,50.0,50.0,2.5,7.0,1.0,1.0,1.0,1.0,1.0,1.0,0.0,15.0,1.0,3.528,100.0,899.5502248875563,21.333333333333332,0.45,2
12.0,256.0,6600.0,80.0,6.85,1216.0,2688.0,144.0,64.0,16.0,4.32,7.0,1.0,1.0,1.0,1.0,1.0,1.0,0.0,15.0,1.0,3.268608,80.0,963.5036496350366,21.333333333333332,0.4523809523809524,2
8.0,256.0,6000.0,80.0,6.74,1080.0,2412.0,120.0,50.0,50.0,2.5,7.0,1.0,1.0,1.0,1.0,1.0,0.0,0.0,16.0,0.0,2.60496,100.0,890.2077151335311,32.0,0.44776119402985076,1
12.0,256.0,6700.0,150.0,6.84,1440.0,3168.0,165.0,50.0,50.0,2.5,7.0,1.0,1.0,1.0,1.0,1.0,1.0,0.0,16.0,1.0,4.56192,100.0,979.53216374269,21.333333333333332,0.45454545454545453,2
8.0,256.0,5200.0,45.0,6.78,1080.0,2436.0,120.0,50.0,50.0,2.2,7.0,1.0,1.0,0.0,1.0,1.0,1.0,0.0,15.0,0.0,2.63088,100.0,766.9616519174041,32.0,0.4433497536945813,1
8.0,256.0,5500.0,45.0,6.74,1080.0,2400.0,120.0,50.0,32.0,2.5,7.0,1.0,1.0,1.0,1.0,1.0,0.0,0.0,15.0,0.0,2.592,82.0,816.0237388724036,32.0,0.45,1
8.0,128.0,6000.0,45.0,6.67,1080.0,2400.0,120.0,50.0,16.0,2.3,7.0,1.0,1.0,1.0,1.0,1.0,1.0,0.0,15.0,1.0,2.592,66.0,899.5502248875563,16.0,0.45,1
8.0,256.0,1200.0,45.0,2.4,240.0,320.0,120.0,0.3,16.0,2.5,7.0,0.0,0.0,0.0,0.0,0.0,0.0,1.0,14.0,0.0,0.0768,16.3,500.0,32.0,0.75,0
6.0,128.0,5180.0,45.0,6.67,720.0,1604.0,120.0,50.0,8.0,2.5,7.0,1.0,1.0,0.0,1.0,1.0,0.0,0.0,15.0,0.0,1.15488,58.0,776.6116941529235,21.333333333333332,0.4488778054862843,0
8.0,256.0,6000.0,45.0,6.77,1080.0,2392.0,120.0,50.0,16.0,2.5,7.0,1.0,1.0,1.0,1.0,1.0,0.0,0.0,15.0,1.0,2.58336,66.0,886.2629246676514,32.0,0.451505016722408,1
4.0,128.0,5160.0,18.0,6.88,720.0,1640.0,120.0,50.0,8.0,2.2,7.0,1.0,1.0,1.0,1.0,1.0,0.0,1.0,14.0,0.0,1.1808,58.0,750.0,32.0,0.43902439024390244,0
2.0,16.0,2000.0,45.0,3.0,384.0,216.0,120.0,5.0,16.0,2.5,7.0,1.0,1.0,0.0,0.0,1.0,0.0,0.0,10.0,0.0,0.082944,21.0,666.6666666666666,8.0,1.7777777777777777,0
12.0,256.0,6400.0,80.0,6.78,1260.0,2800.0,120.0,50.0,16.0,3.0,7.0,1.0,1.0,1.0,1.0,1.0,1.0,0.0,15.0,1.0,3.528,66.0,943.952802359882,21.333333333333332,0.45,1
8.0,256.0,5500.0,44.0,6.68,720.0,1608.0,120.0,50.0,8.0,2.4,7.0,1.0,1.0,1.0,1.0,1.0,0.0,0.0,14.0,0.0,1.15776,58.0,823.3532934131737,32.0,0.44776119402985076,1
8.0,128.0,5500.0,44.0,6.68,720.0,1608.0,120.0,50.0,8.0,2.4,7.0,1.0,1.0,1.0,1.0,1.0,0.0,0.0,14.0,0.0,1.15776,58.0,823.3532934131737,16.0,0.44776119402985076,1
4.0,128.0,5500.0,33.0,6.8,720.0,1650.0,120.0,50.0,8.0,2.5,7.0,1.0,1.0,1.0,1.0,1.0,0.0,1.0,15.0,0.0,1.188,58.0,808.8235294117648,32.0,0.43636363636363634,0
8.0,128.0,6500.0,65.0,6.74,1200.0,2400.0,120.0,50.0,16.0,2.5,7.0,1.0,1.0,1.0,1.0,1.0,0.0,0.0,14.0,0.0,2.88,66.0,964.3916913946588,16.0,0.5,1
3.0,64.0,5000.0,10.0,6.75,1600.0,720.0,120.0,13.0,5.0,2.5,7.0,1.0,1.0,0.0,1.0,1.0,0.0,0.0,14.0,0.0,1.152,18.0,740.7407407407408,21.333333333333332,2.2222222222222223,0
12.0,256.0,5300.0,100.0,6.7,1200.0,2664.0,144.0,50.0,16.0,3.3,7.0,1.0,1.0,1.0,1.0,1.0,1.0,0.0,15.0,1.0,3.1968,66.0,791.044776119403,21.333333333333332,0.45045045045045046,1
8.0,128.0,5500.0,100.0,6.82,1080.0,2480.0,120.0,200.0,32.0,2.4,7.0,1.0,1.0,0.0,1.0,1.0,0.0,1.0,16.0,0.0,2.6784,232.0,806.4516129032257,16.0,0.43548387096774194,1
12.0,256.0,6200.0,90.0,6.67,1260.0,2800.0,120.0,50.0,32.0,3.63,7.0,1.0,1.0,1.0,1.0,1.0,1.0,0.0,15.0,0.0,3.528,82.0,929.5352323838081,21.333333333333332,0.45,2
12.0,256.0,6500.0,120.0,6.78,1440.0,3200.0,144.0,50.0,50.0,2.5,7.0,1.0,1.0,1.0,1.0,1.0,1.0,0.0,15.0,0.0,4.608,100.0,958.7020648967551,21.333333333333332,0.45,2
24.0,1.0,5800.0,65.0,6.78,1080.0,2400.0,185.0,50.0,32.0,4.32,7.0,1.0,1.0,1.0,1.0,1.0,1.0,0.0,15.0,1.0,2.592,82.0,855.457227138643,0.041666666666666664,0.45,2
8.0,256.0,5100.0,44.0,6.74,1080.0,2400.0,120.0,50.0,32.0,2.5,7.0,1.0,1.0,1.0,1.0,1.0,0.0,0.0,15.0,0.0,2.592,82.0,756.6765578635014,32.0,0.45,1
12.0,256.0,6500.0,120.0,6.82,1264.0,2780.0,120.0,50.0,50.0,2.5,7.0,1.0,1.0,1.0,1.0,1.0,1.0,0.0,15.0,1.0,3.51392,100.0,953.0791788856304,21.333333333333332,0.4546762589928058,2
12.0,256.0,5500.0,90.0,6.67,1260.0,2800.0,120.0,50.0,50.0,3.25,7.0,1.0,1.0,1.0,1.0,1.0,1.0,0.0,15.0,1.0,3.528,100.0,824.5877061469265,21.333333333333332,0.45,2
6.0,128.0,5000.0,18.0,6.78,1080.0,2436.0,120.0,50.0,32.0,2.2,7.0,1.0,1.0,0.0,0.0,1.0,1.0,1.0,14.0,0.0,2.63088,82.0,737.4631268436578,21.333333333333332,0.4433497536945813,0
8.0,256.0,6500.0,90.0,6.67,1260.0,2800.0,120.0,50.0,50.0,2.63,7.0,1.0,1.0,1.0,1.0,1.0,1.0,0.0,15.0,1.0,3.528,100.0,974.512743628186,32.0,0.45,1
8.0,256.0,1000.0,45.0,2.0,240.0,320.0,120.0,50.0,16.0,2.5,7.0,1.0,1.0,0.0,0.0,0.0,0.0,1.0,14.0,0.0,0.0768,66.0,500.0,32.0,0.75,0
8.0,12.0,6000.0,80.0,6.8,1080.0,2392.0,120.0,50.0,16.0,2.7,7.0,1.0,1.0,1.0,1.0,1.0,1.0,0.0,15.0,1.0,2.58336,66.0,882.3529411764706,1.5,0.451505016722408,1
8.0,256.0,5160.0,18.0,6.88,720.0,1640.0,120.0,50.0,13.0,2.0,7.0,1.0,1.0,0.0,1.0,1.0,1.0,1.0,14.0,0.0,1.1808,63.0,750.0,32.0,0.43902439024390244,0
4.0,64.0,5000.0,18.0,5.56,720.0,1440.0,120.0,32.0,8.0,2.5,7.0,1.0,1.0,0.0,1.0,1.0,0.0,1.0,13.0,0.0,1.0368,40.0,899.2805755395684,16.0,0.5,0
16.0,512.0,8680.0,33.0,6.78,1080.0,2460.0,120.0,200.0,32.0,2.5,7.0,1.0,1.0,1.0,1.0,1.0,1.0,1.0,14.0,0.0,2.6568,232.0,1280.2359882005899,32.0,0.43902439024390244,2
16.0,256.0,5000.0,45.0,8.1,2152.0,2076.0,120.0,50.0,16.0,2.5,7.0,1.0,1.0,1.0,1.0,1.0,1.0,0.0,16.0,0.0,4.467552,66.0,617.283950617284,16.0,1.0366088631984585,2
8.0,128.0,6000.0,25.0,6.5,1080.0,2340.0,90.0,50.0,13.0,2.2,7.0,1.0,1.0,1.0,1.0,1.0,0.0,0.0,14.0,0.0,2.5272,63.0,923.0769230769231,16.0,0.46153846153846156,0
12.0,256.0,5000.0,45.0,6.7,1080.0,2400.0,120.0,50.0,50.0,2.4,7.0,1.0,1.0,1.0,1.0,1.0,1.0,0.0,14.0,0.0,2.592,100.0,746.2686567164179,21.333333333333332,0.45,2
24.0,1.0,6100.0,100.0,6.78,1264.0,2780.0,120.0,50.0,16.0,3.3,7.0,1.0,1.0,1.0,1.0,1.0,1.0,0.0,14.0,0.0,3.51392,66.0,899.7050147492625,0.041666666666666664,0.4546762589928058,2
8.0,128.0,5000.0,44.0,6.78,2400.0,1080.0,120.0,50.0,32.0,2.2,7.0,1.0,1.0,1.0,1.0,1.0,0.0,0.0,14.0,0.0,2.592,82.0,737.4631268436578,16.0,2.2222222222222223,1
8.0,256.0,6000.0,100.0,6.82,1080.0,2392.0,144.0,50.0,32.0,2.5,7.0,1.0,1.0,1.0,1.0,1.0,0.0,0.0,15.0,0.0,2.58336,82.0,879.7653958944281,32.0,0.451505016722408,1
4.0,128.0,5000.0,18.0,6.7,720.0,1600.0,120.0,48.0,8.0,2.4,7.0,1.0,1.0,1.0,1.0,1.0,0.0,0.0,14.0,0.0,1.152,56.0,746.2686567164179,32.0,0.45,0
8.0,256.0,5000.0,45.0,6.78,1080.0,2436.0,120.0,108.0,32.0,2.2,7.0,1.0,1.0,1.0,1.0,1.0,1.0,0.0,14.0,0.0,2.63088,140.0,737.4631268436578,32.0,0.4433497536945813,1
4.0,64.0,5000.0,15.0,6.56,720.0,1612.0,90.0,13.0,5.0,1.8,7.0,1.0,1.0,0.0,1.0,1.0,0.0,1.0,14.0,0.0,1.16064,18.0,762.1951219512196,16.0,0.4466501240694789,0
8.0,256.0,5000.0,45.0,6.67,1080.0,2412.0,120.0,50.0,32.0,2.4,7.0,1.0,1.0,1.0,1.0,1.0,0.0,0.0,14.0,0.0,2.60496,82.0,749.6251874062968,32.0,0.44776119402985076,1
12.0,256.0,6000.0,67.0,6.55,1236.0,2750.0,120.0,50.0,50.0,3.2,7.0,1.0,1.0,1.0,1.0,1.0,1.0,0.0,15.0,1.0,3.399,100.0,916.0305343511451,21.333333333333332,0.44945454545454544,2
16.0,512.0,5060.0,37.0,6.8,1344.0,2992.0,120.0,50.0,42.0,3.1,7.0,1.0,1.0,1.0,1.0,1.0,1.0,0.0,14.0,1.0,4.021248,92.0,744.1176470588235,32.0,0.44919786096256686,2
6.0,128.0,5000.0,10.0,6.67,720.0,1604.0,120.0,32.0,8.0,2.4,7.0,1.0,1.0,1.0,1.0,1.0,0.0,0.0,14.0,0.0,1.15488,40.0,749.6251874062968,21.333333333333332,0.4488778054862843,0
12.0,256.0,4310.0,68.0,6.36,1272.0,2670.0,120.0,50.0,32.0,2.5,7.0,1.0,1.0,1.0,1.0,1.0,0.0,0.0,14.0,1.0,3.39624,82.0,677.6729559748427,21.333333333333332,0.4764044943820225,1
4.0,64.0,5100.0,45.0,6.67,720.0,1604.0,120.0,8.0,5.0,2.4,7.0,1.0,1.0,1.0,1.0,1.0,0.0,0.0,14.0,0.0,1.15488,13.0,764.6176911544228,16.0,0.4488778054862843,0
16.0,1.0,4805.0,67.0,7.82,2268.0,2440.0,120.0,64.0,16.0,3.2,7.0,1.0,1.0,1.0,1.0,1.0,1.0,0.0,14.0,0.0,5.53392,80.0,614.4501278772378,0.0625,0.9295081967213115,2
12.0,512.0,5200.0,45.0,6.7,1080.0,2412.0,120.0,50.0,32.0,2.4,7.0,1.0,1.0,1.0,1.0,1.0,0.0,0.0,14.0,1.0,2.60496,82.0,776.1194029850747,42.666666666666664,0.44776119402985076,1
16.0,256.0,4650.0,45.0,8.03,2152.0,2076.0,120.0,48.0,16.0,3.1,7.0,1.0,1.0,1.0,1.0,1.0,1.0,0.0,14.0,0.0,4.467552,64.0,579.0784557907846,16.0,1.0366088631984585,2
6.0,128.0,5000.0,18.0,6.74,720.0,1600.0,90.0,32.0,5.0,1.8,7.0,1.0,1.0,0.0,1.0,1.0,0.0,1.0,14.0,0.0,1.152,37.0,741.8397626112759,21.333333333333332,0.45,0
8.0,256.0,5100.0,45.0,6.67,720.0,1604.0,120.0,50.0,8.0,2.4,7.0,1.0,1.0,1.0,1.0,1.0,0.0,1.0,14.0,0.0,1.15488,58.0,764.6176911544228,32.0,0.4488778054862843,1
12.0,256.0,5000.0,67.0,6.67,1220.0,2712.0,144.0,50.0,32.0,3.35,7.0,1.0,1.0,1.0,1.0,1.0,1.0,0.0,14.0,1.0,3.30864,82.0,749.6251874062968,21.333333333333332,0.4498525073746313,2
12.0,256.0,4000.0,45.0,6.8,1080.0,2640.0,120.0,50.0,12.0,4.32,7.0,1.0,1.0,1.0,1.0,1.0,1.0,0.0,14.0,0.0,2.8512,62.0,588.2352941176471,21.333333333333332,0.4090909090909091,2
8.0,256.0,5500.0,100.0,6.74,1080.0,2412.0,120.0,50.0,16.0,2.8,7.0,1.0,1.0,1.0,1.0,1.0,0.0,0.0,15.0,1.0,2.60496,66.0,816.0237388724036,32.0,0.44776119402985076,2
1.0,8.0,950.0,45.0,2.8,1080.0,2400.0,120.0,50.0,16.0,1.1,7.0,1.0,1.0,0.0,1.0,0.0,0.0,0.0,14.0,1.0,2.592,66.0,339.28571428571433,8.0,0.45,1
8.0,128.0,6500.0,80.0,6.77,1080.0,2392.0,120.0,50.0,32.0,2.2,7.0,1.0,1.0,1.0,1.0,1.0,0.0,0.0,14.0,1.0,2.58336,82.0,960.1181683899557,16.0,0.451505016722408,1
4.0,64.0,5000.0,18.0,6.74,720.0,1600.0,90.0,32.0,5.0,1.8,7.0,1.0,1.0,0.0,1.0,1.0,0.0,1.0,14.0,0.0,1.152,37.0,741.8397626112759,16.0,0.45,0
12.0,256.0,5000.0,45.0,6.67,1080.0,2400.0,120.0,50.0,32.0,2.4,7.0,1.0,1.0,1.0,1.0,1.0,1.0,0.0,14.0,0.0,2.592,82.0,749.6251874062968,21.333333333333332,0.45,1
12.0,512.0,5000.0,90.0,6.67,1220.0,2712.0,120.0,50.0,20.0,3.0,7.0,1.0,1.0,1.0,1.0,1.0,1.0,0.0,14.0,0.0,3.30864,70.0,749.6251874062968,42.666666666666664,0.4498525073746313,1
4.0,128.0,5000.0,15.0,6.67,720.0,1604.0,120.0,50.0,8.0,2.4,7.0,1.0,1.0,1.0,1.0,1.0,0.0,0.0,14.0,0.0,1.15488,58.0,749.6251874062968,32.0,0.4488778054862843,0
8.0,128.0,6000.0,44.0,6.72,1080.0,2408.0,120.0,50.0,8.0,2.2,7.0,1.0,1.0,1.0,1.0,1.0,0.0,0.0,14.0,0.0,2.60064,58.0,892.8571428571429,16.0,0.4485049833887043,1
12.0,256.0,5000.0,45.0,6.78,1080.0,2436.0,144.0,108.0,32.0,3.1,7.0,1.0,1.0,1.0,1.0,1.0,1.0,0.0,14.0,0.0,2.63088,140.0,737.4631268436578,21.333333333333332,0.4433497536945813,1
12.0,512.0,5000.0,70.0,6.78,1080.0,2436.0,120.0,50.0,50.0,2.2,7.0,1.0,1.0,1.0,1.0,1.0,0.0,1.0,14.0,0.0,2.63088,100.0,737.4631268436578,42.666666666666664,0.4433497536945813,1
12.0,512.0,5100.0,65.0,6.78,1260.0,2800.0,120.0,50.0,16.0,3.2,7.0,1.0,1.0,1.0,1.0,1.0,1.0,0.0,13.0,0.0,3.528,66.0,752.2123893805309,42.666666666666664,0.45,2
4.0,128.0,5000.0,15.0,6.56,720.0,1612.0,90.0,50.0,8.0,2.4,7.0,1.0,1.0,1.0,1.0,1.0,0.0,0.0,14.0,0.0,1.16064,58.0,762.1951219512196,32.0,0.4466501240694789,0
8.0,256.0,4492.0,45.0,6.1,1080.0,2400.0,120.0,64.0,13.0,3.0,7.0,1.0,1.0,1.0,1.0,1.0,1.0,0.0,14.0,0.0,2.592,77.0,736.3934426229508,32.0,0.45,2
12.0,512.0,6000.0,120.0,6.78,1864.0,3820.0,165.0,50.0,50.0,2.5,7.0,1.0,1.0,1.0,1.0,1.0,1.0,0.0,15.0,0.0,7.12048,100.0,884.9557522123894,42.666666666666664,0.48795811518324606,2
8.0,256.0,7000.0,80.0,6.78,1264.0,2780.0,120.0,50.0,16.0,3.25,7.0,1.0,1.0,1.0,1.0,1.0,1.0,0.0,15.0,1.0,3.51392,66.0,1032.448377581121,32.0,0.4546762589928058,1
8.0,128.0,5000.0,18.0,6.6,720.0,1612.0,90.0,108.0,8.0,2.0,7.0,1.0,1.0,0.0,0.0,1.0,0.0,1.0,13.0,0.0,1.16064,116.0,757.5757575757576,16.0,0.4466501240694789,0
6.0,128.0,5000.0,67.0,6.78,1080.0,2400.0,144.0,50.0,16.0,2.2,7.0,1.0,1.0,1.0,1.0,1.0,0.0,1.0,14.0,0.0,2.592,66.0,737.4631268436578,21.333333333333332,0.45,0
8.0,128.0,5000.0,45.0,6.72,1080.0,2400.0,120.0,50.0,8.0,2.2,7.0,1.0,1.0,1.0,1.0,1.0,0.0,1.0,14.0,0.0,2.592,58.0,744.047619047619,16.0,0.45,0
12.0,256.0,5000.0,90.0,6.67,1220.0,2712.0,144.0,50.0,20.0,3.0,7.0,1.0,1.0,1.0,1.0,1.0,1.0,0.0,14.0,1.0,3.30864,70.0,749.6251874062968,21.333333333333332,0.4498525073746313,1
8.0,256.0,5000.0,45.0,6.67,1080.0,2400.0,120.0,50.0,50.0,2.4,7.0,1.0,1.0,1.0,1.0,1.0,1.0,0.0,14.0,0.0,2.592,100.0,749.6251874062968,32.0,0.45,1
24.0,1.0,5600.0,80.0,6.8,1280.0,2800.0,120.0,180.0,16.0,3.3,7.0,1.0,1.0,1.0,1.0,1.0,1.0,0.0,14.0,1.0,3.584,196.0,823.5294117647059,0.041666666666666664,0.45714285714285713,2
8.0,256.0,6000.0,70.0,6.78,1080.0,2460.0,120.0,108.0,32.0,2.2,7.0,1.0,1.0,0.0,1.0,1.0,1.0,0.0,14.0,0.0,2.6568,140.0,884.9557522123894,32.0,0.43902439024390244,0
8.0,256.0,5000.0,44.0,6.67,1080.0,2400.0,120.0,50.0,16.0,2.8,7.0,1.0,1.0,1.0,1.0,1.0,0.0,0.0,14.0,0.0,2.592,66.0,749.6251874062968,32.0,0.45,1
12.0,512.0,5000.0,80.0,6.78,1260.0,2800.0,120.0,50.0,50.0,3.1,7.0,1.0,1.0,1.0,1.0,1.0,0.0,0.0,14.0,1.0,3.528,100.0,737.4631268436578,42.666666666666664,0.45,2
8.0,256.0,5000.0,80.0,6.78,1260.0,2800.0,120.0,50.0,50.0,2.63,7.0,1.0,1.0,1.0,1.0,1.0,0.0,0.0,14.0,1.0,3.528,100.0,737.4631268436578,32.0,0.45,1
12.0,256.0,4600.0,100.0,6.78,1080.0,2436.0,120.0,108.0,32.0,2.2,7.0,1.0,1.0,1.0,1.0,1.0,1.0,0.0,14.0,0.0,2.63088,140.0,678.4660766961651,21.333333333333332,0.4433497536945813,1
4.0,64.0,5000.0,25.0,6.72,1080.0,2400.0,90.0,50.0,13.0,2.4,7.0,1.0,1.0,0.0,1.0,1.0,0.0,1.0,13.0,0.0,2.592,63.0,744.047619047619,16.0,0.45,0
16.0,256.0,5500.0,100.0,6.78,1264.0,2780.0,120.0,50.0,16.0,3.2,7.0,1.0,1.0,1.0,1.0,1.0,1.0,0.0,14.0,1.0,3.51392,66.0,811.2094395280236,16.0,0.4546762589928058,2
8.0,128.0,5000.0,18.0,6.5,720.0,1600.0,120.0,50.0,16.0,2.2,7.0,1.0,1.0,1.0,1.0,1.0,0.0,0.0,14.0,0.0,1.152,66.0,769.2307692307693,16.0,0.45,0
8.0,256.0,5100.0,67.0,6.67,1220.0,2712.0,120.0,200.0,16.0,2.4,7.0,1.0,1.0,1.0,1.0,1.0,0.0,0.0,13.0,1.0,3.30864,216.0,764.6176911544228,32.0,0.4498525073746313,1
12.0,256.0,5000.0,33.0,6.67,1080.0,2400.0,120.0,108.0,16.0,2.4,7.0,1.0,1.0,1.0,1.0,1.0,0.0,1.0,13.0,0.0,2.592,124.0,749.6251874062968,21.333333333333332,0.45,1
12.0,256.0,5000.0,100.0,6.82,1440.0,3168.0,120.0,50.0,32.0,3.3,7.0,1.0,1.0,1.0,1.0,1.0,1.0,0.0,14.0,1.0,4.56192,82.0,733.1378299120234,21.333333333333332,0.45454545454545453,2
4.0,64.0,5000.0,15.0,6.56,720.0,1600.0,90.0,16.0,5.0,1.6,7.0,1.0,1.0,0.0,1.0,1.0,0.0,1.0,14.0,0.0,1.152,21.0,762.1951219512196,16.0,0.45,0
6.0,128.0,5160.0,18.0,6.88,720.0,1640.0,120.0,50.0,13.0,2.0,7.0,1.0,1.0,0.0,1.0,1.0,1.0,1.0,14.0,0.0,1.1808,63.0,750.0,21.333333333333332,0.43902439024390244,0
8.0,256.0,1900.0,45.0,2.8,320.0,240.0,120.0,0.3,16.0,2.5,7.0,0.0,0.0,0.0,0.0,0.0,0.0,1.0,14.0,0.0,0.0768,16.3,678.5714285714287,32.0,1.3333333333333333,0
8.0,256.0,5000.0,18.0,6.74,720.0,1600.0,90.0,50.0,5.0,2.2,7.0,1.0,1.0,1.0,1.0,1.0,0.0,1.0,13.0,0.0,1.152,55.0,741.8397626112759,32.0,0.45,0
8.0,256.0,5000.0,33.0,6.78,1080.0,2436.0,120.0,108.0,32.0,2.2,7.0,1.0,1.0,0.0,1.0,1.0,1.0,1.0,14.0,0.0,2.63088,140.0,737.4631268436578,32.0,0.4433497536945813,1
12.0,512.0,5750.0,70.0,7.85,2000.0,2296.0,120.0,50.0,16.0,3.2,7.0,1.0,1.0,1.0,1.0,1.0,1.0,0.0,14.0,0.0,4.592,66.0,732.484076433121,42.666666666666664,0.8710801393728222,2
6.0,128.0,5000.0,18.0,6.56,720.0,1600.0,90.0,50.0,8.0,2.4,7.0,1.0,1.0,1.0,1.0,1.0,0.0,1.0,14.0,0.0,1.152,58.0,762.1951219512196,21.333333333333332,0.45,0
8.0,128.0,5000.0,44.0,6.78,1080.0,2460.0,120.0,108.0,32.0,2.2,7.0,1.0,1.0,0.0,1.0,1.0,1.0,1.0,13.0,0.0,2.6568,140.0,737.4631268436578,16.0,0.43902439024390244,0
8.0,128.0,6000.0,18.0,6.58,1080.0,2400.0,120.0,50.0,8.0,2.6,7.0,1.0,1.0,1.0,1.0,1.0,0.0,0.0,14.0,0.0,2.592,58.0,911.854103343465,16.0,0.45,0
8.0,256.0,5000.0,33.0,6.78,1080.0,2460.0,120.0,108.0,32.0,2.2,7.0,1.0,1.0,0.0,1.0,1.0,1.0,1.0,13.0,0.0,2.6568,140.0,737.4631268436578,32.0,0.43902439024390244,0
4.0,64.0,5000.0,10.0,6.6,720.0,1612.0,90.0,50.0,8.0,2.2,7.0,1.0,1.0,0.0,1.0,1.0,0.0,1.0,13.0,0.0,1.16064,58.0,757.5757575757576,16.0,0.4466501240694789,0
8.0,128.0,5000.0,25.0,6.5,1080.0,2340.0,120.0,50.0,13.0,2.4,7.0,1.0,1.0,1.0,1.0,1.0,1.0,0.0,14.0,0.0,2.5272,63.0,769.2307692307693,16.0,0.46153846153846156,1
8.0,128.0,5100.0,45.0,6.8,1284.0,3200.0,120.0,50.0,12.0,2.5,7.0,1.0,1.0,1.0,1.0,1.0,1.0,0.0,26.0,0.0,4.1088,62.0,750.0,16.0,0.40125,2
24.0,1.0,4600.0,240.0,6.74,1240.0,2772.0,144.0,50.0,16.0,3.2,7.0,1.0,1.0,1.0,1.0,1.0,1.0,0.0,13.0,0.0,3.43728,66.0,682.4925816023739,0.041666666666666664,0.44733044733044736,2
8.0,256.0,1450.0,45.0,2.4,240.0,320.0,120.0,50.0,16.0,2.5,7.0,0.0,0.0,0.0,0.0,0.0,0.0,1.0,30.0,0.0,0.0768,66.0,604.1666666666667,32.0,0.75,0
6.0,128.0,5000.0,18.0,6.79,1080.0,2460.0,90.0,50.0,8.0,2.2,7.0,1.0,1.0,1.0,1.0,1.0,0.0,0.0,13.0,0.0,2.6568,58.0,736.3770250368188,21.333333333333332,0.43902439024390244,0
6.0,128.0,5000.0,18.0,6.79,1080.0,2460.0,90.0,50.0,8.0,2.2,7.0,1.0,1.0,1.0,1.0,1.0,0.0,0.0,13.0,0.0,2.6568,58.0,736.3770250368188,21.333333333333332,0.43902439024390244,0
4.0,128.0,5000.0,18.0,6.79,1080.0,2460.0,90.0,50.0,8.0,2.2,7.0,1.0,1.0,1.0,1.0,1.0,0.0,0.0,13.0,0.0,2.6568,58.0,736.3770250368188,32.0,0.43902439024390244,0
8.0,128.0,6000.0,18.0,6.78,1080.0,2460.0,120.0,50.0,8.0,2.2,7.0,1.0,1.0,1.0,1.0,1.0,1.0,1.0,13.0,0.0,2.6568,58.0,884.9557522123894,16.0,0.43902439024390244,0
8.0,256.0,1000.0,45.0,1.8,120.0,160.0,120.0,50.0,16.0,2.5,7.0,0.0,0.0,0.0,0.0,0.0,0.0,1.0,14.0,0.0,0.0192,66.0,555.5555555555555,32.0,0.75,0
8.0,256.0,4500.0,25.0,6.4,1080.0,2340.0,120.0,12.0,32.0,2.84,7.0,1.0,1.0,1.0,1.0,1.0,1.0,0.0,13.0,0.0,2.5272,44.0,703.125,32.0,0.46153846153846156,2
4.0,128.0,5160.0,18.0,6.88,720.0,1640.0,120.0,50.0,13.0,2.0,7.0,1.0,1.0,0.0,1.0,1.0,1.0,1.0,14.0,0.0,1.1808,63.0,750.0,32.0,0.43902439024390244,0
12.0,256.0,5050.0,100.0,6.8,1260.0,2844.0,120.0,50.0,13.0,2.5,7.0,1.0,1.0,1.0,1.0,1.0,1.0,0.0,4.2,1.0,3.58344,63.0,742.6470588235294,21.333333333333332,0.4430379746835443,2
12.0,256.0,6000.0,80.0,8.2,1916.0,2160.0,144.0,50.0,16.0,4.32,7.0,1.0,1.0,1.0,1.0,1.0,1.0,0.0,14.0,0.0,4.13856,66.0,731.7073170731708,21.333333333333332,0.8870370370370371,2
12.0,256.0,5000.0,67.0,6.7,1080.0,2412.0,120.0,100.0,16.0,2.6,7.0,1.0,1.0,1.0,1.0,1.0,0.0,0.0,13.0,1.0,2.60496,116.0,746.2686567164179,21.333333333333332,0.44776119402985076,1
12.0,512.0,4000.0,45.0,6.9,1080.0,2640.0,165.0,50.0,32.0,3.0,7.0,1.0,1.0,1.0,1.0,1.0,1.0,0.0,14.0,0.0,2.8512,82.0,579.7101449275362,42.666666666666664,0.4090909090909091,2
8.0,256.0,1450.0,45.0,1.8,120.0,160.0,120.0,50.0,16.0,2.5,7.0,1.0,1.0,0.0,1.0,0.0,0.0,1.0,14.0,0.0,0.0192,66.0,805.5555555555555,32.0,0.75,0
12.0,256.0,5000.0,150.0,6.82,1080.0,2400.0,165.0,100.0,50.0,3.3,7.0,1.0,1.0,1.0,1.0,1.0,1.0,0.0,14.0,1.0,2.592,150.0,733.1378299120234,21.333333333333332,0.45,2
12.0,256.0,6000.0,120.0,6.67,1440.0,3200.0,120.0,50.0,20.0,4.32,7.0,1.0,1.0,1.0,1.0,1.0,1.0,0.0,15.0,1.0,4.608,70.0,899.5502248875563,21.333333333333332,0.45,2
4.0,128.0,5000.0,18.0,6.6,720.0,1612.0,120.0,50.0,8.0,2.0,7.0,1.0,1.0,0.0,1.0,1.0,0.0,1.0,13.0,0.0,1.16064,58.0,757.5757575757576,32.0,0.4466501240694789,1
8.0,256.0,5000.0,18.0,6.6,720.0,1612.0,90.0,50.0,32.0,1.6,7.0,1.0,1.0,0.0,1.0,1.0,0.0,1.0,13.0,0.0,1.16064,82.0,757.5757575757576,32.0,0.4466501240694789,0
4.0,128.0,6000.0,25.0,6.45,1080.0,2340.0,90.0,50.0,13.0,2.2,7.0,1.0,1.0,1.0,1.0,1.0,0.0,0.0,14.0,0.0,2.5272,63.0,930.2325581395348,32.0,0.46153846153846156,0
8.0,128.0,5000.0,67.0,6.67,1080.0,2400.0,120.0,50.0,16.0,2.6,7.0,1.0,1.0,1.0,1.0,1.0,0.0,0.0,14.0,0.0,2.592,66.0,749.6251874062968,16.0,0.45,1
4.0,128.0,5000.0,18.0,6.58,1080.0,2408.0,120.0,50.0,8.0,2.2,7.0,1.0,1.0,1.0,1.0,1.0,0.0,0.0,13.0,0.0,2.60064,58.0,759.8784194528876,32.0,0.4485049833887043,0
12.0,256.0,5000.0,67.0,6.67,1080.0,2400.0,120.0,64.0,16.0,2.91,7.0,1.0,1.0,1.0,1.0,1.0,1.0,0.0,13.0,0.0,2.592,80.0,749.6251874062968,21.333333333333332,0.45,1
8.0,256.0,6000.0,25.0,6.7,1080.0,2408.0,120.0,108.0,32.0,2.4,7.0,1.0,1.0,1.0,1.0,1.0,1.0,0.0,13.0,0.0,2.60064,140.0,895.5223880597015,32.0,0.4485049833887043,2
8.0,128.0,5000.0,25.0,6.6,1080.0,2340.0,120.0,48.0,13.0,2.6,7.0,1.0,1.0,1.0,1.0,1.0,1.0,0.0,13.0,0.0,2.5272,61.0,757.5757575757576,16.0,0.46153846153846156,1
8.0,256.0,5000.0,67.0,6.67,1080.0,2400.0,120.0,108.0,16.0,2.4,7.0,1.0,1.0,1.0,1.0,1.0,0.0,0.0,12.0,0.0,2.592,124.0,749.6251874062968,32.0,0.45,1
8.0,128.0,4500.0,44.0,6.38,1080.0,2400.0,90.0,64.0,16.0,2.4,7.0,1.0,1.0,1.0,1.0,1.0,0.0,0.0,13.0,0.0,2.592,80.0,705.3291536050157,16.0,0.45,1
12.0,256.0,4600.0,80.0,6.7,1080.0,2412.0,120.0,50.0,32.0,2.4,7.0,1.0,1.0,1.0,1.0,1.0,1.0,0.0,13.0,1.0,2.60496,82.0,686.5671641791045,21.333333333333332,0.44776119402985076,2
6.0,128.0,5000.0,33.0,6.67,1080.0,2400.0,120.0,48.0,13.0,2.0,7.0,1.0,1.0,1.0,1.0,1.0,0.0,0.0,12.0,0.0,2.592,61.0,749.6251874062968,21.333333333333332,0.45,0
2.0,64.0,5000.0,10.0,6.5,720.0,1600.0,120.0,13.0,5.0,1.6,7.0,1.0,1.0,0.0,1.0,1.0,0.0,1.0,13.0,0.0,1.152,18.0,769.2307692307693,32.0,0.45,0
8.0,256.0,3700.0,25.0,6.7,1080.0,2640.0,120.0,12.0,10.0,3.2,7.0,1.0,1.0,1.0,1.0,1.0,1.0,0.0,14.0,0.0,2.8512,22.0,552.2388059701492,32.0,0.4090909090909091,2
12.0,256.0,4700.0,100.0,6.74,1240.0,2772.0,120.0,64.0,32.0,3.2,7.0,1.0,1.0,1.0,1.0,1.0,1.0,0.0,13.0,1.0,3.43728,96.0,697.3293768545993,21.333333333333332,0.44733044733044736,2
12.0,256.0,5000.0,100.0,6.82,1440.0,3168.0,120.0,50.0,32.0,3.2,7.0,1.0,1.0,1.0,1.0,1.0,1.0,0.0,13.0,1.0,4.56192,82.0,733.1378299120234,21.333333333333332,0.45454545454545453,2
4.0,64.0,5000.0,18.0,6.6,1080.0,2408.0,90.0,50.0,8.0,2.4,7.0,1.0,1.0,1.0,1.0,1.0,0.0,1.0,12.0,0.0,2.60064,58.0,757.5757575757576,16.0,0.4485049833887043,0
8.0,256.0,4700.0,45.0,6.6,1080.0,2340.0,120.0,50.0,12.0,3.36,7.0,1.0,1.0,1.0,1.0,1.0,1.0,0.0,13.0,1.0,2.5272,62.0,712.1212121212121,32.0,0.46153846153846156,2
4.0,64.0,4000.0,45.0,6.2,720.0,1680.0,120.0,13.0,8.0,2.3,7.0,1.0,1.0,0.0,1.0,1.0,1.0,0.0,12.0,0.0,1.2096,21.0,645.1612903225806,16.0,0.42857142857142855,1
8.0,128.0,4020.0,33.0,6.28,1080.0,2408.0,120.0,64.0,32.0,2.2,7.0,1.0,1.0,1.0,1.0,1.0,0.0,0.0,12.0,0.0,2.60064,96.0,640.1273885350319,16.0,0.4485049833887043,1
6.0,128.0,5000.0,120.0,6.91,1080.0,2460.0,120.0,108.0,16.0,2.2,7.0,1.0,1.0,0.0,1.0,1.0,0.0,1.0,12.0,0.0,2.6568,124.0,723.589001447178,21.333333333333332,0.43902439024390244,1
6.0,128.0,6000.0,25.0,6.5,1080.0,2340.0,120.0,50.0,13.0,2.4,7.0,1.0,1.0,1.0,1.0,1.0,1.0,0.0,13.0,0.0,2.5272,63.0,923.0769230769231,21.333333333333332,0.46153846153846156,1
12.0,256.0,4600.0,120.0,6.73,1440.0,3200.0,120.0,50.0,32.0,3.0,7.0,1.0,1.0,1.0,1.0,1.0,1.0,0.0,12.0,1.0,4.608,82.0,683.5066864784546,21.333333333333332,0.45,2
4.0,64.0,5000.0,10.0,6.5,720.0,1600.0,90.0,50.0,8.0,2.3,7.0,1.0,1.0,0.0,1.0,1.0,0.0,1.0,12.0,0.0,1.152,58.0,769.2307692307693,16.0,0.45,0
12.0,256.0,6000.0,65.0,6.78,1080.0,2448.0,144.0,64.0,24.0,2.9,7.0,1.0,1.0,1.0,1.0,1.0,1.0,0.0,11.0,1.0,2.64384,88.0,884.9557522123894,21.333333333333332,0.4411764705882353,2
8.0,128.0,4500.0,80.0,6.43,1080.0,2400.0,90.0,50.0,32.0,3.0,7.0,1.0,1.0,1.0,1.0,1.0,1.0,0.0,12.0,1.0,2.592,82.0,699.8444790046657,16.0,0.45,1
6.0,128.0,4500.0,25.0,6.71,1440.0,3200.0,120.0,64.0,10.0,3.2,7.0,1.0,1.0,1.0,1.0,1.0,1.0,1.0,11.0,0.0,4.608,74.0,670.6408345752608,21.333333333333332,0.45,2
8.0,128.0,4500.0,33.0,6.78,1080.0,2400.0,120.0,48.0,16.0,2.0,7.0,1.0,1.0,1.0,1.0,1.0,0.0,1.0,11.0,0.0,2.592,64.0,663.716814159292,16.0,0.45,0
6.0,128.0,4410.0,45.0,6.14,1080.0,2400.0,120.0,12.2,8.0,2.5,7.0,1.0,1.0,1.0,1.0,1.0,1.0,0.0,12.0,0.0,2.592,20.2,718.2410423452769,21.333333333333332,0.45,2
8.0,128.0,5000.0,65.0,6.7,1440.0,3216.0,120.0,50.0,32.0,3.0,7.0,1.0,1.0,1.0,1.0,1.0,1.0,0.0,12.0,0.0,4.63104,82.0,746.2686567164179,16.0,0.44776119402985076,1
6.0,128.0,3500.0,45.0,5.42,1080.0,2340.0,120.0,12.0,12.0,2.5,7.0,1.0,1.0,0.0,1.0,1.0,1.0,0.0,15.0,0.0,2.5272,24.0,645.7564575645756,21.333333333333332,0.46153846153846156,2
8.0,256.0,4600.0,120.0,6.73,1440.0,3200.0,120.0,50.0,32.0,3.0,7.0,1.0,1.0,1.0,1.0,1.0,1.0,0.0,12.0,1.0,4.608,82.0,683.5066864784546,32.0,0.45,2
8.0,128.0,4250.0,33.0,6.55,1080.0,2400.0,90.0,64.0,16.0,2.3,7.0,1.0,1.0,0.0,1.0,1.0,0.0,0.0,11.0,0.0,2.592,80.0,648.8549618320611,16.0,0.45,0
8.0,128.0,5000.0,30.0,6.4,1080.0,2400.0,120.0,64.0,16.0,2.0,7.0,1.0,1.0,0.0,1.0,1.0,0.0,1.0,11.0,0.0,2.592,80.0,781.25,16.0,0.45,0
6.0,128.0,5160.0,33.0,6.67,1080.0,2400.0,120.0,48.0,20.0,2.96,7.0,1.0,1.0,0.0,1.0,1.0,0.0,0.0,11.0,0.0,2.592,68.0,773.6131934032984,21.333333333333332,0.45,0
2.0,32.0,4000.0,45.0,6.6,1600.0,720.0,120.0,8.0,8.0,1.3,7.0,1.0,1.0,0.0,1.0,1.0,0.0,1.0,10.0,0.0,1.152,16.0,606.0606060606061,16.0,2.2222222222222223,0
1.0,16.0,5000.0,45.0,6.5,1600.0,720.0,120.0,8.0,8.0,1.3,7.0,1.0,1.0,0.0,1.0,1.0,0.0,0.0,9.0,0.0,1.152,16.0,769.2307692307693,16.0,2.2222222222222223,0
8.0,256.0,1150.0,45.0,2.4,240.0,320.0,120.0,0.3,16.0,2.5,7.0,1.0,1.0,0.0,1.0,0.0,0.0,1.0,14.0,0.0,0.0768,16.3,479.1666666666667,32.0,0.75,0
4.0,128.0,5030.0,45.0,6.1,1170.0,2532.0,120.0,12.0,12.0,3.1,7.0,1.0,1.0,1.0,1.0,1.0,1.0,0.0,14.0,1.0,2.96244,24.0,824.5901639344263,32.0,0.46208530805687204,2
8.0,128.0,6000.0,33.0,6.67,1080.0,2400.0,120.0,64.0,20.0,2.3,7.0,1.0,1.0,0.0,1.0,1.0,0.0,0.0,10.0,0.0,2.592,84.0,899.5502248875563,16.0,0.45,0
4.0,128.0,3110.0,45.0,6.1,828.0,1792.0,120.0,12.0,12.0,2.65,7.0,1.0,1.0,0.0,1.0,1.0,1.0,0.0,13.0,0.0,1.483776,24.0,509.8360655737705,32.0,0.46205357142857145,2
4.0,64.0,3110.0,45.0,6.1,828.0,1792.0,120.0,12.0,12.0,2.65,7.0,1.0,1.0,0.0,1.0,1.0,1.0,0.0,13.0,0.0,1.483776,24.0,509.8360655737705,16.0,0.46205357142857145,2
8.0,256.0,4000.0,27.0,6.39,1080.0,2340.0,120.0,48.0,20.0,2.8,7.0,1.0,1.0,0.0,1.0,1.0,1.0,0.0,9.0,0.0,2.5272,68.0,625.9780907668232,32.0,0.46153846153846156,2
3.0,64.0,2050.0,45.0,4.7,750.0,1334.0,120.0,12.0,7.0,2.65,7.0,1.0,1.0,0.0,1.0,1.0,1.0,0.0,13.0,0.0,1.0005,19.0,436.17021276595744,21.333333333333332,0.5622188905547226,1
16.0,512.0,5100.0,80.0,7.1,1224.0,2992.0,165.0,50.0,50.0,2.5,7.0,1.0,1.0,1.0,1.0,1.0,1.0,0.0,14.0,0.0,3.662208,100.0,718.3098591549297,32.0,0.4090909090909091,2
8.0,128.0,5200.0,45.0,6.7,720.0,1600.0,120.0,50.0,5.0,2.0,7.0,1.0,1.0,0.0,0.0,1.0,1.0,1.0,15.0,0.0,1.152,55.0,776.1194029850747,16.0,0.45,0
16.0,256.0,6000.0,80.0,10.2,2232.0,3184.0,120.0,50.0,32.0,2.5,7.0,1.0,1.0,1.0,1.0,1.0,1.0,0.0,5.0,0.0,7.106688,82.0,588.2352941176471,16.0,0.7010050251256281,2
8.0,256.0,5300.0,35.0,6.61,720.0,1604.0,120.0,50.0,5.0,2.0,7.0,1.0,1.0,0.0,1.0,1.0,1.0,1.0,15.0,0.0,1.15488,55.0,801.8154311649016,32.0,0.4488778054862843,0
12.0,256.0,7500.0,33.0,6.78,1080.0,2460.0,120.0,50.0,32.0,2.4,7.0,1.0,1.0,1.0,1.0,1.0,1.0,1.0,15.0,0.0,2.6568,82.0,1106.1946902654868,21.333333333333332,0.43902439024390244,1
12.0,256.0,5000.0,36.0,6.5,1080.0,2340.0,120.0,50.3,50.3,2.8,7.0,1.0,1.0,1.0,0.0,1.0,1.0,1.0,15.0,0.0,2.5272,100.6,769.2307692307693,21.333333333333332,0.46153846153846156,1
12.0,256.0,7500.0,150.0,6.88,1440.0,3168.0,144.0,50.0,50.0,2.5,7.0,1.0,1.0,1.0,1.0,1.0,1.0,0.0,16.0,1.0,4.56192,100.0,1090.1162790697674,21.333333333333332,0.45454545454545453,2
12.0,512.0,7200.0,100.0,6.8,1280.0,2800.0,144.0,50.0,16.0,2.5,7.0,1.0,1.0,1.0,1.0,1.0,1.0,0.0,15.0,1.0,3.584,66.0,1058.8235294117646,42.666666666666664,0.45714285714285713,1
16.0,256.0,7200.0,100.0,6.8,1280.0,2800.0,144.0,50.0,16.0,2.5,7.0,1.0,1.0,1.0,1.0,1.0,1.0,0.0,15.0,1.0,3.584,66.0,1058.8235294117646,16.0,0.45714285714285713,1
8.0,128.0,5010.0,33.0,6.78,1080.0,2460.0,120.0,108.0,32.0,2.4,7.0,1.0,1.0,1.0,1.0,1.0,1.0,1.0,14.0,0.0,2.6568,140.0,738.9380530973451,16.0,0.43902439024390244,1
12.0,256.0,7100.0,80.0,6.77,1080.0,2392.0,120.0,50.0,16.0,3.4,7.0,1.0,1.0,1.0,1.0,1.0,1.0,0.0,15.0,0.0,2.58336,66.0,1048.744460856721,21.333333333333332,0.451505016722408,1
12.0,256.0,6415.0,80.0,6.78,1264.0,2780.0,120.0,50.0,16.0,3.73,7.0,1.0,1.0,1.0,1.0,1.0,1.0,0.0,15.0,0.0,3.51392,66.0,946.165191740413,21.333333333333332,0.4546762589928058,2
8.0,128.0,6800.0,67.0,6.77,1080.0,2392.0,120.0,50.0,32.0,2.5,7.0,1.0,1.0,1.0,1.0,1.0,0.0,0.0,15.0,0.0,2.58336,82.0,1004.4313146233383,16.0,0.451505016722408,1
12.0,256.0,5000.0,33.0,6.7,2460.0,1080.0,120.0,64.0,32.0,2.6,7.0,1.0,1.0,1.0,0.0,1.0,0.0,0.0,13.0,0.0,2.6568,96.0,746.2686567164179,21.333333333333332,2.2777777777777777,2
12.0,256.0,6000.0,80.0,6.82,1080.0,2400.0,120.0,50.0,32.0,2.5,7.0,1.0,1.0,1.0,1.0,1.0,1.0,0.0,16.0,1.0,2.592,82.0,879.7653958944281,21.333333333333332,0.45,2
6.0,128.0,5000.0,33.0,6.65,1080.0,2408.0,120.0,50.0,8.0,2.5,7.0,1.0,1.0,1.0,1.0,1.0,0.0,0.0,15.0,1.0,2.60064,58.0,751.8796992481202,21.333333333333332,0.4485049833887043,0
6.0,128.0,5010.0,33.0,6.78,1080.0,2460.0,120.0,108.0,32.0,2.4,7.0,1.0,1.0,1.0,1.0,1.0,1.0,1.0,14.0,0.0,2.6568,140.0,738.9380530973451,21.333333333333332,0.43902439024390244,1
4.0,64.0,6000.0,45.0,6.67,720.0,1604.0,90.0,32.0,5.0,2.1,7.0,1.0,1.0,0.0,1.0,1.0,0.0,0.0,15.0,0.0,1.15488,37.0,899.5502248875563,16.0,0.4488778054862843,0
8.0,128.0,6600.0,40.0,6.78,1080.0,2460.0,120.0,50.0,8.0,2.3,7.0,1.0,1.0,1.0,0.0,1.0,1.0,0.0,14.0,1.0,2.6568,58.0,973.4513274336283,16.0,0.43902439024390244,0
4.0,128.0,6000.0,45.0,6.75,720.0,1600.0,90.0,50.0,8.0,2.4,7.0,1.0,1.0,0.0,0.0,1.0,1.0,0.0,12.0,1.0,1.152,58.0,888.8888888888889,32.0,0.45,0
4.0,128.0,5700.0,20.0,6.74,720.0,1600.0,90.0,50.0,8.0,2.4,7.0,1.0,1.0,1.0,1.0,1.0,0.0,1.0,16.0,0.0,1.152,58.0,845.6973293768546,32.0,0.45,0
8.0,256.0,2575.0,45.0,2.8,245.0,320.0,120.0,0.3,16.0,2.5,7.0,0.0,0.0,0.0,0.0,0.0,0.0,0.0,14.0,0.0,0.0784,16.3,919.6428571428572,32.0,0.765625,0
12.0,256.0,5000.0,33.0,6.7,1080.0,2400.0,120.0,50.0,50.0,2.5,7.0,1.0,1.0,1.0,1.0,1.0,0.0,0.0,15.0,0.0,2.592,100.0,746.2686567164179,21.333333333333332,0.45,1
8.0,128.0,6700.0,67.0,6.78,1080.0,2408.0,120.0,50.0,32.0,2.5,7.0,1.0,1.0,1.0,1.0,1.0,0.0,0.0,16.0,1.0,2.60064,82.0,988.2005899705015,16.0,0.4485049833887043,1
8.0,128.0,6500.0,100.0,6.78,1080.0,2392.0,120.0,50.0,32.0,2.5,7.0,1.0,1.0,1.0,1.0,1.0,0.0,0.0,16.0,1.0,2.58336,82.0,958.7020648967551,16.0,0.451505016722408,1
8.0,128.0,6500.0,80.0,6.68,1080.0,2400.0,120.0,50.0,50.0,2.5,7.0,1.0,1.0,1.0,1.0,1.0,0.0,0.0,16.0,0.0,2.592,100.0,973.0538922155689,16.0,0.45,1
12.0,256.0,5700.0,100.0,6.8,1276.0,2848.0,120.0,50.0,13.0,2.5,7.0,1.0,1.0,1.0,1.0,1.0,1.0,0.0,5.1,1.0,3.634048,63.0,838.2352941176471,21.333333333333332,0.44803370786516855,2
12.0,256.0,5700.0,80.0,6.32,1216.0,2640.0,120.0,50.0,32.0,3.63,7.0,1.0,1.0,1.0,1.0,1.0,1.0,0.0,15.0,1.0,3.21024,82.0,901.8987341772151,21.333333333333332,0.46060606060606063,2
12.0,256.0,5500.0,90.0,6.78,1440.0,3200.0,120.0,50.0,50.0,2.5,7.0,1.0,1.0,1.0,1.0,1.0,1.0,0.0,16.0,0.0,4.608,100.0,811.2094395280236,21.333333333333332,0.45,2
8.0,256.0,1000.0,45.0,1.8,240.0,260.0,120.0,0.3,16.0,2.5,7.0,1.0,1.0,0.0,1.0,0.0,0.0,1.0,14.0,0.0,0.0624,16.3,555.5555555555555,32.0,0.9230769230769231,0
8.0,256.0,5000.0,67.0,6.67,1080.0,2400.0,120.0,200.0,16.0,2.2,7.0,1.0,1.0,0.0,1.0,1.0,1.0,1.0,15.0,0.0,2.592,216.0,749.6251874062968,32.0,0.45,1
8.0,256.0,5200.0,90.0,6.78,1080.0,2436.0,144.0,50.0,32.0,2.2,7.0,1.0,1.0,0.0,1.0,1.0,1.0,1.0,15.0,0.0,2.63088,82.0,766.9616519174041,32.0,0.4433497536945813,1
8.0,256.0,5200.0,45.0,6.7,1080.0,2412.0,120.0,50.0,32.0,2.4,7.0,1.0,1.0,1.0,1.0,1.0,0.0,0.0,14.0,1.0,2.60496,82.0,776.1194029850747,32.0,0.44776119402985076,1
12.0,256.0,5000.0,50.0,6.77,1080.0,2392.0,120.0,50.0,32.0,2.5,7.0,1.0,1.0,1.0,1.0,1.0,1.0,0.0,15.0,1.0,2.58336,82.0,738.5524372230428,21.333333333333332,0.451505016722408,1
4.0,128.0,6000.0,18.0,6.67,720.0,1600.0,120.0,13.0,8.0,2.2,7.0,1.0,1.0,0.0,1.0,1.0,0.0,1.0,14.0,0.0,1.152,21.0,899.5502248875563,32.0,0.45,0
8.0,256.0,2500.0,45.0,2.4,240.0,320.0,120.0,50.0,16.0,2.5,7.0,0.0,0.0,0.0,0.0,0.0,0.0,1.0,14.0,0.0,0.0768,66.0,1041.6666666666667,32.0,0.75,0
6.0,128.0,5500.0,25.0,6.6,720.0,1600.0,120.0,50.0,16.0,2.5,7.0,1.0,1.0,1.0,1.0,1.0,0.0,1.0,16.0,0.0,1.152,66.0,833.3333333333334,21.333333333333332,0.45,0
12.0,256.0,7000.0,150.0,6.88,1440.0,3168.0,144.0,50.0,50.0,2.5,7.0,1.0,1.0,1.0,1.0,1.0,1.0,0.0,16.0,1.0,4.56192,100.0,1017.4418604651163,21.333333333333332,0.45454545454545453,2
8.0,512.0,5500.0,33.0,6.8,1080.0,2392.0,120.0,50.0,32.0,2.2,7.0,1.0,1.0,1.0,0.0,1.0,1.0,0.0,15.0,0.0,2.58336,82.0,808.8235294117648,64.0,0.451505016722408,1
8.0,512.0,4005.0,45.0,6.1,1170.0,2532.0,120.0,48.0,12.0,4.04,7.0,1.0,1.0,1.0,1.0,1.0,1.0,0.0,18.0,0.0,2.96244,60.0,656.5573770491803,64.0,0.46208530805687204,2
12.0,256.0,5800.0,100.0,6.3,1216.0,2640.0,120.0,50.0,50.0,3.63,7.0,1.0,1.0,1.0,1.0,1.0,1.0,0.0,16.0,0.0,3.21024,100.0,920.6349206349206,21.333333333333332,0.46060606060606063,2
12.0,256.0,6500.0,120.0,6.78,1264.0,2780.0,120.0,50.0,16.0,4.32,7.0,1.0,1.0,1.0,1.0,1.0,1.0,0.0,15.0,0.0,3.51392,66.0,958.7020648967551,21.333333333333332,0.4546762589928058,2
12.0,256.0,6700.0,100.0,6.78,1260.0,2800.0,144.0,50.0,32.0,2.5,7.0,1.0,1.0,1.0,1.0,1.0,1.0,0.0,16.0,1.0,3.528,82.0,988.2005899705015,21.333333333333332,0.45,1
12.0,512.0,4900.0,45.0,6.7,1440.0,3120.0,120.0,50.0,12.0,4.47,7.0,1.0,1.0,1.0,1.0,1.0,1.0,0.0,15.0,1.0,4.4928,62.0,731.3432835820895,42.666666666666664,0.46153846153846156,2
6.0,128.0,5000.0,15.0,6.6,1080.0,2408.0,120.0,50.0,13.0,2.0,7.0,1.0,1.0,0.0,1.0,1.0,0.0,1.0,13.0,0.0,2.60064,63.0,757.5757575757576,21.333333333333332,0.4485049833887043,0
8.0,128.0,5000.0,18.0,6.67,720.0,1600.0,120.0,48.0,8.0,2.4,7.0,1.0,1.0,1.0,1.0,1.0,1.0,1.0,14.0,0.0,1.152,56.0,749.6251874062968,16.0,0.45,0
